"Kanton";"Fahrzeuggruppe / -art";"Jahr der 1. Inverkehrsetzung";"Treibstoff";"1990";"1991";"1992";"1993";"1994";"1995";"1996";"1997";"1998";"1999";"2000";"2001";"2002";"2003";"2004";"2005";"2006";"2007";"2008";"2009";"2010";"2011";"2012";"2013";"2014";"2015";"2016";"2017";"2018";"2019";"2020";"2021";"2022";"2023";"2024"
"Schweiz";"> Personenwagen";"Vor 1960";"Benzin";6011;6149;6677;6794;6990;7203;7344;7690;7991;8231;8235;8298;8354;8388;8462;8723;10627;10515;10151;10773;11192;11665;11965;12141;12628;12868;13077;13358;13500;13524;13628;13121;12891;13382;13322
"Schweiz";"> Personenwagen";"Vor 1960";"Diesel";126;124;132;125;119;120;117;119;130;130;127;123;125;127;124;124;253;364;770;840;637;557;462;404;336;311;280;283;270;263;260;249;242;194;194
"Schweiz";"> Personenwagen";"Vor 1960";"Elektrisch";0;0;1;0;0;0;0;0;0;1;1;1;1;1;1;1;1;0;0;1;1;2;2;2;3;3;4;5;6;6;6;7;7;10;9
"Schweiz";"> Personenwagen";"Vor 1960";"Anderer";0;0;0;1;2;4;4;4;3;3;3;4;1;3;3;79;47;60;373;11;11;8;5;8;8;8;11;12;11;13;11;689;635;635;616
"Schweiz";"> Personenwagen";"Vor 1960";"Ohne Motor";0;0;0;0;0;0;0;0;0;0;0;0;0;0;0;0;0;0;0;0;0;0;0;0;0;0;0;0;0;0;0;0;0;0;0
"Schweiz";"> Personenwagen";"1960 - 1979";"Benzin";336033;262291;203034;159266;133241;113580;97438;87144;78379;72051;66497;62654;59740;57415;55455;53900;49150;47626;44443;41809;42399;43738;44678;45248;46601;47420;48124;48819;49715;50097;50929;50848;50444;51875;51674
"Schweiz";"> Personenwagen";"1960 - 1979";"Diesel";2191;1750;1485;1183;992;835;737;660;583;534;474;419;397;369;351;350;781;1436;3517;3841;2847;2346;1912;1549;1267;1084;905;803;782;762;752;729;696;486;468
"Schweiz";"> Personenwagen";"1960 - 1979";"Elektrisch";25;29;25;22;22;17;19;20;18;18;20;20;19;18;18;19;20;18;15;7;9;11;11;10;10;13;13;8;11;11;15;18;18;19;18
"Schweiz";"> Personenwagen";"1960 - 1979";"Anderer";29;26;26;36;50;50;38;29;26;25;24;20;17;21;17;164;114;126;716;22;16;13;13;11;10;11;13;11;15;14;15;873;833;831;796
"Schweiz";"> Personenwagen";"1960 - 1979";"Ohne Motor";0;0;0;0;0;0;0;0;0;0;0;0;0;0;0;0;0;0;0;0;0;0;0;0;0;0;0;0;0;0;0;0;0;0;0
"Schweiz";"> Personenwagen";"1980 - 1989";"Benzin";2327851;2182235;2009324;1839430;1683767;1534099;1362356;1199564;1043020;886292;732774;602662;488282;396759;321854;264061;203364;164734;132096;97139;79391;66980;57079;48608;43629;40102;37207;35092;33771;32537;32061;31537;30609;30601;29952
"Schweiz";"> Personenwagen";"1980 - 1989";"Diesel";70421;66537;62046;57081;52878;48903;44247;38961;34278;29719;25214;21383;18151;15459;13093;11329;8639;7050;4924;3093;2672;2346;2032;1755;1520;1341;1183;1079;1005;911;889;856;810;787;739
"Schweiz";"> Personenwagen";"1980 - 1989";"Elektrisch";254;244;240;212;180;166;146;128;115;95;89;87;71;72;67;62;52;44;33;28;30;29;32;30;28;28;29;28;28;23;20;18;14;14;13
"Schweiz";"> Personenwagen";"1980 - 1989";"Anderer";68;64;119;205;317;377;391;284;197;150;122;111;16;17;17;268;428;365;613;43;215;267;246;230;37;28;24;12;10;9;11;133;130;121;122
"Schweiz";"> Personenwagen";"1980 - 1989";"Ohne Motor";0;0;0;0;0;0;0;0;0;0;0;0;0;0;0;0;0;0;0;0;0;0;0;0;0;0;0;0;0;0;0;0;0;0;0
"Schweiz";"> Personenwagen";"1990 - 1999";"Benzin";235516;524079;787560;1017124;1248881;1477128;1698894;1921838;2139949;2375627;2380636;2300945;2203204;2093806;1978183;1855277;1725016;1581728;1416473;1244236;1090591;937528;773973;621520;500714;402490;326315;264346;216883;180090;154260;134697;118750;107831;97666
"Schweiz";"> Personenwagen";"1990 - 1999";"Diesel";6349;13427;19975;27306;36752;45720;55304;65969;77745;93586;95738;91492;87398;83280;79699;75751;72878;67908;60974;54417;49009;43837;37971;32124;27316;22732;18965;15695;13103;10896;9321;8141;7226;6376;5630
"Schweiz";"> Personenwagen";"1990 - 1999";"Elektrisch";130;398;504;539;572;586;593;604;612;609;600;520;455;415;373;341;313;280;262;233;210;204;183;171;155;135;133;131;118;119;109;110;104;95;88
"Schweiz";"> Personenwagen";"1990 - 1999";"Anderer";0;0;5;41;89;151;188;181;196;174;164;186;106;103;97;657;712;1302;1618;181;180;157;156;144;111;92;77;65;57;49;41;428;386;359;327
"Schweiz";"> Personenwagen";"1990 - 1999";"Ohne Motor";0;0;0;0;0;0;0;0;0;0;0;0;0;0;0;0;0;0;0;0;0;0;0;0;0;0;0;0;0;0;0;0;0;0;0
"Schweiz";"> Personenwagen";"2000 - 2004";"Benzin";0;0;0;0;0;0;0;0;0;0;214094;481838;727093;934248;1125889;1158833;1140736;1123737;1098822;1079247;1048882;1008956;954311;888590;815007;731432;645002;556401;473399;400063;343577;295940;255203;224609;195365
"Schweiz";"> Personenwagen";"2000 - 2004";"Diesel";0;0;0;0;0;0;0;0;0;0;20309;58679;107113;162752;226638;241895;240956;236060;226654;221962;215211;206778;195662;182912;168423;151459;131644;111904;94313;79503;67711;57705;49127;42378;36119
"Schweiz";"> Personenwagen";"2000 - 2004";"Elektrisch";0;0;0;0;0;0;0;0;0;0;44;62;130;145;166;160;156;152;146;139;139;125;122;114;95;91;85;81;71;62;59;56;51;48;42
"Schweiz";"> Personenwagen";"2000 - 2004";"Anderer";0;0;0;0;0;0;0;0;0;0;6;136;192;408;761;1938;1667;1932;2920;1899;1836;1803;1726;1623;1479;1330;1125;970;821;677;586;574;486;424;342
"Schweiz";"> Personenwagen";"2000 - 2004";"Ohne Motor";0;0;0;0;0;0;0;0;0;0;0;0;0;0;0;0;0;0;0;0;0;0;0;0;0;0;0;0;0;0;0;0;0;0;0
"Schweiz";"> Personenwagen";"2005 - 2009";"Benzin";0;0;0;0;0;0;0;0;0;0;0;0;0;0;0;118660;313370;489654;668321;847601;894170;890917;886114;881562;871445;847785;819364;778599;726826;671340;621120;568717;519721;477219;431387
"Schweiz";"> Personenwagen";"2005 - 2009";"Diesel";0;0;0;0;0;0;0;0;0;0;0;0;0;0;0;43019;127484;211775;299639;381936;407497;407830;406348;405239;400245;386987;365988;337688;304167;271465;243077;215680;190586;168251;145832
"Schweiz";"> Personenwagen";"2005 - 2009";"Elektrisch";0;0;0;0;0;0;0;0;0;0;0;0;0;0;0;9;20;34;60;104;133;147;139;131;124;118;113;105;101;96;85;86;76;69;59
"Schweiz";"> Personenwagen";"2005 - 2009";"Anderer";0;0;0;0;0;0;0;0;0;0;0;0;0;0;0;1358;3188;8770;16246;20035;21392;21314;21137;21023;20966;20471;19583;18452;17003;15480;14226;12961;11740;10590;9604
"Schweiz";"> Personenwagen";"2005 - 2009";"Ohne Motor";0;0;0;0;0;0;0;0;0;0;0;0;0;0;0;0;0;0;0;0;0;0;0;0;0;0;0;0;0;0;0;0;0;0;0
"Schweiz";"> Personenwagen";"2010 - 2014";"Benzin";0;0;0;0;0;0;0;0;0;0;0;0;0;0;0;0;0;0;0;0;141990;341706;550554;736889;911684;959389;960018;949815;933210;908787;885066;855915;822783;790201;751227
"Schweiz";"> Personenwagen";"2010 - 2014";"Diesel";0;0;0;0;0;0;0;0;0;0;0;0;0;0;0;0;0;0;0;0;61233;163397;289697;411860;524569;562288;562140;552777;538822;519864;499682;475887;449352;420787;386669
"Schweiz";"> Personenwagen";"2010 - 2014";"Elektrisch";0;0;0;0;0;0;0;0;0;0;0;0;0;0;0;0;0;0;0;0;143;526;1269;2225;4024;4475;4450;4349;4312;4219;4124;3988;3896;3669;3444
"Schweiz";"> Personenwagen";"2010 - 2014";"Anderer";0;0;0;0;0;0;0;0;0;0;0;0;0;0;0;0;0;0;0;0;3764;9801;16925;24760;32054;34099;33965;33727;33100;32327;31475;30547;29739;28593;27437
"Schweiz";"> Personenwagen";"2010 - 2014";"Ohne Motor";0;0;0;0;0;0;0;0;0;0;0;0;0;0;0;0;0;0;0;0;0;0;0;0;0;0;0;0;0;0;0;0;0;0;0
"Schweiz";"> Personenwagen";"2015";"Benzin";0;0;0;0;0;0;0;0;0;0;0;0;0;0;0;0;0;0;0;0;0;0;0;0;0;132316;178843;183412;182473;178737;179091;177440;174398;171225;167195
"Schweiz";"> Personenwagen";"2015";"Diesel";0;0;0;0;0;0;0;0;0;0;0;0;0;0;0;0;0;0;0;0;0;0;0;0;0;87873;123944;128376;127304;124494;124429;122735;119871;115989;110392
"Schweiz";"> Personenwagen";"2015";"Elektrisch";0;0;0;0;0;0;0;0;0;0;0;0;0;0;0;0;0;0;0;0;0;0;0;0;0;2668;3430;3378;3332;3316;3344;3323;3330;3233;3106
"Schweiz";"> Personenwagen";"2015";"Anderer";0;0;0;0;0;0;0;0;0;0;0;0;0;0;0;0;0;0;0;0;0;0;0;0;0;6618;9169;9344;9287;9132;9107;9071;8962;8779;8503
"Schweiz";"> Personenwagen";"2015";"Ohne Motor";0;0;0;0;0;0;0;0;0;0;0;0;0;0;0;0;0;0;0;0;0;0;0;0;0;0;0;0;0;0;0;0;0;0;0
"Schweiz";"> Personenwagen";"2016";"Benzin";0;0;0;0;0;0;0;0;0;0;0;0;0;0;0;0;0;0;0;0;0;0;0;0;0;0;121947;171414;175904;174302;173081;172884;170716;168657;165884
"Schweiz";"> Personenwagen";"2016";"Diesel";0;0;0;0;0;0;0;0;0;0;0;0;0;0;0;0;0;0;0;0;0;0;0;0;0;0;86451;118754;124631;123289;121566;121845;119595;116691;112870
"Schweiz";"> Personenwagen";"2016";"Elektrisch";0;0;0;0;0;0;0;0;0;0;0;0;0;0;0;0;0;0;0;0;0;0;0;0;0;0;2467;3282;3213;3122;3165;3163;3189;3092;3020
"Schweiz";"> Personenwagen";"2016";"Anderer";0;0;0;0;0;0;0;0;0;0;0;0;0;0;0;0;0;0;0;0;0;0;0;0;0;0;7936;11093;11245;11130;11019;10931;10931;10699;10512
"Schweiz";"> Personenwagen";"2016";"Ohne Motor";0;0;0;0;0;0;0;0;0;0;0;0;0;0;0;0;0;0;0;0;0;0;0;0;0;0;0;0;0;0;0;0;0;0;0
"Schweiz";"> Personenwagen";"2017";"Benzin";0;0;0;0;0;0;0;0;0;0;0;0;0;0;0;0;0;0;0;0;0;0;0;0;0;0;0;125762;175732;179783;179644;178408;177466;176056;174329
"Schweiz";"> Personenwagen";"2017";"Diesel";0;0;0;0;0;0;0;0;0;0;0;0;0;0;0;0;0;0;0;0;0;0;0;0;0;0;0;79579;106964;112104;111747;110810;109905;107951;105510
"Schweiz";"> Personenwagen";"2017";"Elektrisch";0;0;0;0;0;0;0;0;0;0;0;0;0;0;0;0;0;0;0;0;0;0;0;0;0;0;0;3172;4537;4403;4398;4433;4491;4406;4364
"Schweiz";"> Personenwagen";"2017";"Anderer";0;0;0;0;0;0;0;0;0;0;0;0;0;0;0;0;0;0;0;0;0;0;0;0;0;0;0;8637;12135;12326;12286;12182;12243;12084;11956
"Schweiz";"> Personenwagen";"2017";"Ohne Motor";0;0;0;0;0;0;0;0;0;0;0;0;0;0;0;0;0;0;0;0;0;0;0;0;0;0;0;0;0;0;0;0;0;0;0
"Schweiz";"> Personenwagen";"2018";"Benzin";0;0;0;0;0;0;0;0;0;0;0;0;0;0;0;0;0;0;0;0;0;0;0;0;0;0;0;0;133308;180082;186736;186540;184253;183982;183301
"Schweiz";"> Personenwagen";"2018";"Diesel";0;0;0;0;0;0;0;0;0;0;0;0;0;0;0;0;0;0;0;0;0;0;0;0;0;0;0;0;62885;83661;89115;89183;87812;87010;85927
"Schweiz";"> Personenwagen";"2018";"Elektrisch";0;0;0;0;0;0;0;0;0;0;0;0;0;0;0;0;0;0;0;0;0;0;0;0;0;0;0;0;3452;4895;4965;4904;4978;4837;4848
"Schweiz";"> Personenwagen";"2018";"Anderer";0;0;0;0;0;0;0;0;0;0;0;0;0;0;0;0;0;0;0;0;0;0;0;0;0;0;0;0;10851;15550;16087;16150;16036;15886;15905
"Schweiz";"> Personenwagen";"2018";"Ohne Motor";0;0;0;0;0;0;0;0;0;0;0;0;0;0;0;0;0;0;0;0;0;0;0;0;0;0;0;0;0;0;0;0;0;0;0
"Schweiz";"> Personenwagen";"2019";"Benzin";0;0;0;0;0;0;0;0;0;0;0;0;0;0;0;0;0;0;0;0;0;0;0;0;0;0;0;0;0;130095;186241;195491;194370;192324;193057
"Schweiz";"> Personenwagen";"2019";"Diesel";0;0;0;0;0;0;0;0;0;0;0;0;0;0;0;0;0;0;0;0;0;0;0;0;0;0;0;0;0;55433;75357;80323;79897;78269;77975
"Schweiz";"> Personenwagen";"2019";"Elektrisch";0;0;0;0;0;0;0;0;0;0;0;0;0;0;0;0;0;0;0;0;0;0;0;0;0;0;0;0;0;8444;12458;12627;12727;12380;12295
"Schweiz";"> Personenwagen";"2019";"Anderer";0;0;0;0;0;0;0;0;0;0;0;0;0;0;0;0;0;0;0;0;0;0;0;0;0;0;0;0;0;16442;26440;27981;28769;28377;28440
"Schweiz";"> Personenwagen";"2019";"Ohne Motor";0;0;0;0;0;0;0;0;0;0;0;0;0;0;0;0;0;0;0;0;0;0;0;0;0;0;0;0;0;0;0;0;0;0;0
"Schweiz";"> Personenwagen";"2020";"Benzin";0;0;0;0;0;0;0;0;0;0;0;0;0;0;0;0;0;0;0;0;0;0;0;0;0;0;0;0;0;0;81951;116870;119036;119281;118631
"Schweiz";"> Personenwagen";"2020";"Diesel";0;0;0;0;0;0;0;0;0;0;0;0;0;0;0;0;0;0;0;0;0;0;0;0;0;0;0;0;0;0;35171;50832;52608;52495;51822
"Schweiz";"> Personenwagen";"2020";"Elektrisch";0;0;0;0;0;0;0;0;0;0;0;0;0;0;0;0;0;0;0;0;0;0;0;0;0;0;0;0;0;0;10648;19180;19664;19165;18920
"Schweiz";"> Personenwagen";"2020";"Anderer";0;0;0;0;0;0;0;0;0;0;0;0;0;0;0;0;0;0;0;0;0;0;0;0;0;0;0;0;0;0;27168;46397;49478;49342;48946
"Schweiz";"> Personenwagen";"2020";"Ohne Motor";0;0;0;0;0;0;0;0;0;0;0;0;0;0;0;0;0;0;0;0;0;0;0;0;0;0;0;0;0;0;0;0;0;0;0
"Schweiz";"> Personenwagen";"2021";"Benzin";0;0;0;0;0;0;0;0;0;0;0;0;0;0;0;0;0;0;0;0;0;0;0;0;0;0;0;0;0;0;0;76361;98298;101978;103253
"Schweiz";"> Personenwagen";"2021";"Diesel";0;0;0;0;0;0;0;0;0;0;0;0;0;0;0;0;0;0;0;0;0;0;0;0;0;0;0;0;0;0;0;25136;31718;33037;33249
"Schweiz";"> Personenwagen";"2021";"Elektrisch";0;0;0;0;0;0;0;0;0;0;0;0;0;0;0;0;0;0;0;0;0;0;0;0;0;0;0;0;0;0;0;19784;31581;31031;31253
"Schweiz";"> Personenwagen";"2021";"Anderer";0;0;0;0;0;0;0;0;0;0;0;0;0;0;0;0;0;0;0;0;0;0;0;0;0;0;0;0;0;0;0;53868;75226;76582;77552
"Schweiz";"> Personenwagen";"2021";"Ohne Motor";0;0;0;0;0;0;0;0;0;0;0;0;0;0;0;0;0;0;0;0;0;0;0;0;0;0;0;0;0;0;0;0;0;0;0
"Schweiz";"> Personenwagen";"2022";"Benzin";0;0;0;0;0;0;0;0;0;0;0;0;0;0;0;0;0;0;0;0;0;0;0;0;0;0;0;0;0;0;0;0;62151;83447;89415
"Schweiz";"> Personenwagen";"2022";"Diesel";0;0;0;0;0;0;0;0;0;0;0;0;0;0;0;0;0;0;0;0;0;0;0;0;0;0;0;0;0;0;0;0;19892;25885;27093
"Schweiz";"> Personenwagen";"2022";"Elektrisch";0;0;0;0;0;0;0;0;0;0;0;0;0;0;0;0;0;0;0;0;0;0;0;0;0;0;0;0;0;0;0;0;26625;39029;39923
"Schweiz";"> Personenwagen";"2022";"Anderer";0;0;0;0;0;0;0;0;0;0;0;0;0;0;0;0;0;0;0;0;0;0;0;0;0;0;0;0;0;0;0;0;54506;72888;76257
"Schweiz";"> Personenwagen";"2022";"Ohne Motor";0;0;0;0;0;0;0;0;0;0;0;0;0;0;0;0;0;0;0;0;0;0;0;0;0;0;0;0;0;0;0;0;0;0;0
"Schweiz";"> Personenwagen";"2023";"Benzin";0;0;0;0;0;0;0;0;0;0;0;0;0;0;0;0;0;0;0;0;0;0;0;0;0;0;0;0;0;0;0;0;0;60090;82659
"Schweiz";"> Personenwagen";"2023";"Diesel";0;0;0;0;0;0;0;0;0;0;0;0;0;0;0;0;0;0;0;0;0;0;0;0;0;0;0;0;0;0;0;0;0;17011;22782
"Schweiz";"> Personenwagen";"2023";"Elektrisch";0;0;0;0;0;0;0;0;0;0;0;0;0;0;0;0;0;0;0;0;0;0;0;0;0;0;0;0;0;0;0;0;0;34401;49889
"Schweiz";"> Personenwagen";"2023";"Anderer";0;0;0;0;0;0;0;0;0;0;0;0;0;0;0;0;0;0;0;0;0;0;0;0;0;0;0;0;0;0;0;0;0;62903;88215
"Schweiz";"> Personenwagen";"2023";"Ohne Motor";0;0;0;0;0;0;0;0;0;0;0;0;0;0;0;0;0;0;0;0;0;0;0;0;0;0;0;0;0;0;0;0;0;0;0
"Schweiz";"> Personenwagen";"2024";"Benzin";0;0;0;0;0;0;0;0;0;0;0;0;0;0;0;0;0;0;0;0;0;0;0;0;0;0;0;0;0;0;0;0;0;0;50893
"Schweiz";"> Personenwagen";"2024";"Diesel";0;0;0;0;0;0;0;0;0;0;0;0;0;0;0;0;0;0;0;0;0;0;0;0;0;0;0;0;0;0;0;0;0;0;16584
"Schweiz";"> Personenwagen";"2024";"Elektrisch";0;0;0;0;0;0;0;0;0;0;0;0;0;0;0;0;0;0;0;0;0;0;0;0;0;0;0;0;0;0;0;0;0;0;31239
"Schweiz";"> Personenwagen";"2024";"Anderer";0;0;0;0;0;0;0;0;0;0;0;0;0;0;0;0;0;0;0;0;0;0;0;0;0;0;0;0;0;0;0;0;0;0;68962
"Schweiz";"> Personenwagen";"2024";"Ohne Motor";0;0;0;0;0;0;0;0;0;0;0;0;0;0;0;0;0;0;0;0;0;0;0;0;0;0;0;0;0;0;0;0;0;0;0
"Schweiz";"> Personenwagen";"Unbekannt";"Benzin";351;400;71;148;183;228;267;248;63;64;73;71;84;83;82;15550;39;87;20;5;19;11;1;2;2;4;5;5;5;5;5;4;3;2;3
"Schweiz";"> Personenwagen";"Unbekannt";"Diesel";42;45;2;8;6;7;7;9;0;0;1;1;0;0;0;8721;1;21;2;0;6;3;0;0;0;0;0;0;0;0;0;0;0;0;0
"Schweiz";"> Personenwagen";"Unbekannt";"Elektrisch";0;0;1;1;1;1;1;1;1;1;0;0;0;0;0;0;0;0;1;0;0;0;0;0;0;0;0;0;0;0;0;0;0;0;0
"Schweiz";"> Personenwagen";"Unbekannt";"Anderer";0;0;1;1;0;1;2;2;1;1;2;1;2;1;1;193;2;9;2;0;0;1;0;0;0;0;0;0;0;0;0;0;0;0;0
"Schweiz";"> Personenwagen";"Unbekannt";"Ohne Motor";0;0;0;0;0;0;0;0;0;0;0;0;0;0;0;0;0;0;0;0;0;0;0;0;0;0;0;0;0;0;0;0;0;0;0
"Schweiz";"> Personentransportfahrzeuge";"Vor 1960";"Benzin";52;57;59;57;42;49;54;41;38;51;46;45;49;46;49;50;55;63;57;65;57;63;63;60;58;63;54;61;62;62;61;62;57;60;58
"Schweiz";"> Personentransportfahrzeuge";"Vor 1960";"Diesel";201;196;192;175;177;169;163;177;177;174;166;140;146;124;112;111;103;102;84;75;81;85;81;81;83;82;88;87;83;83;67;72;78;90;84
"Schweiz";"> Personentransportfahrzeuge";"Vor 1960";"Elektrisch";0;0;0;0;0;0;0;0;0;0;0;0;0;0;0;1;1;1;1;1;1;1;1;1;1;1;1;1;1;1;1;1;1;1;1
"Schweiz";"> Personentransportfahrzeuge";"Vor 1960";"Anderer";1;1;1;0;0;0;0;0;1;0;1;0;1;0;0;2;4;1;17;30;33;31;26;29;28;24;22;22;23;23;20;18;19;20;19
"Schweiz";"> Personentransportfahrzeuge";"Vor 1960";"Ohne Motor";0;0;0;0;0;0;0;0;0;0;0;0;0;0;0;0;0;0;0;0;0;0;0;0;0;0;0;0;0;0;0;0;0;0;0
"Schweiz";"> Personentransportfahrzeuge";"1960 - 1979";"Benzin";6682;6254;5753;5229;4877;4510;4141;3808;3450;3149;2822;2550;2391;2215;2057;1962;1758;1662;1530;1423;1397;1386;1384;1340;1332;1321;1353;1328;1341;1338;1383;1382;1389;1427;1398
"Schweiz";"> Personentransportfahrzeuge";"1960 - 1979";"Diesel";2771;2459;2203;1989;1809;1582;1375;1243;1070;948;797;674;596;511;466;459;408;398;364;320;300;271;265;231;221;213;214;204;188;184;187;182;181;199;196
"Schweiz";"> Personentransportfahrzeuge";"1960 - 1979";"Elektrisch";0;0;0;0;0;0;0;0;0;0;0;0;0;0;0;0;1;1;0;0;0;0;0;0;0;0;0;1;1;1;2;3;3;3;3
"Schweiz";"> Personentransportfahrzeuge";"1960 - 1979";"Anderer";1;1;1;1;4;7;4;1;1;0;0;0;0;1;1;4;2;2;33;60;80;80;69;59;49;46;41;39;35;34;35;32;25;28;28
"Schweiz";"> Personentransportfahrzeuge";"1960 - 1979";"Ohne Motor";0;0;0;0;0;0;0;0;0;0;0;0;0;0;0;0;0;0;0;0;0;0;0;0;0;0;0;0;0;0;0;0;0;0;0
"Schweiz";"> Personentransportfahrzeuge";"1980 - 1989";"Benzin";11048;11066;11002;10849;10645;10427;10281;9744;9184;8643;8018;7445;6985;6555;6160;5769;5420;5170;4905;4769;4514;4351;4101;3826;3601;3494;3412;3271;3167;3106;3066;3005;2894;2865;2791
"Schweiz";"> Personentransportfahrzeuge";"1980 - 1989";"Diesel";8325;8304;8248;8121;8029;7864;7597;7362;6993;6626;6143;5671;5269;4908;4607;4390;3955;3771;3046;2823;2692;2612;2465;2273;2120;2017;1958;1856;1742;1668;1604;1562;1465;1460;1408
"Schweiz";"> Personentransportfahrzeuge";"1980 - 1989";"Elektrisch";14;27;26;20;19;19;20;19;19;19;18;18;17;10;10;11;12;11;14;1;2;2;0;1;1;0;0;0;0;0;0;0;0;0;1
"Schweiz";"> Personentransportfahrzeuge";"1980 - 1989";"Anderer";5;4;7;9;22;26;25;17;12;9;8;5;0;1;1;7;13;8;39;51;58;52;40;38;24;23;25;20;19;17;14;12;9;10;10
"Schweiz";"> Personentransportfahrzeuge";"1980 - 1989";"Ohne Motor";0;0;0;0;0;0;0;0;0;0;0;0;0;0;0;0;0;0;0;0;0;0;0;0;0;0;0;0;0;0;0;0;0;0;0
"Schweiz";"> Personentransportfahrzeuge";"1990 - 1999";"Benzin";627;1485;2248;2920;3532;4161;5052;5604;6071;6450;6533;6333;6120;5914;5607;5268;5043;4724;4193;3945;3652;3389;3147;2873;2614;2439;2336;2264;2133;2044;1992;1996;1943;1945;1900
"Schweiz";"> Personentransportfahrzeuge";"1990 - 1999";"Diesel";1429;3089;4379;5455;6486;7665;8896;10430;11952;13585;13862;13751;13518;13211;12876;12489;11979;11768;11045;10743;10275;9912;9390;8789;8307;7889;7610;7321;7007;6687;6372;6254;5958;5872;5640
"Schweiz";"> Personentransportfahrzeuge";"1990 - 1999";"Elektrisch";1;3;3;6;8;10;10;14;14;10;11;11;13;12;11;12;11;11;12;12;12;12;11;11;12;11;10;8;9;8;5;4;3;3;3
"Schweiz";"> Personentransportfahrzeuge";"1990 - 1999";"Anderer";0;0;2;6;9;13;28;28;29;27;27;27;19;18;17;31;26;24;58;101;130;115;103;98;70;52;54;44;40;35;28;26;25;22;22
"Schweiz";"> Personentransportfahrzeuge";"1990 - 1999";"Ohne Motor";0;0;0;0;0;0;0;0;0;0;0;0;0;0;0;0;0;0;0;0;0;0;0;0;0;0;0;0;0;0;0;0;0;0;0
"Schweiz";"> Personentransportfahrzeuge";"2000 - 2004";"Benzin";0;0;0;0;0;0;0;0;0;0;188;406;682;957;1056;1041;1061;1070;1049;1038;998;978;942;888;856;824;786;755;722;691;654;643;627;628;615
"Schweiz";"> Personentransportfahrzeuge";"2000 - 2004";"Diesel";0;0;0;0;0;0;0;0;0;0;1605;4249;6573;9124;11722;11991;11663;11697;11384;11470;11517;11367;11111;10596;10119;9583;9039;8527;8118;7773;7326;7174;6979;6979;6809
"Schweiz";"> Personentransportfahrzeuge";"2000 - 2004";"Elektrisch";0;0;0;0;0;0;0;0;0;0;1;2;4;5;6;7;7;6;5;7;6;7;7;7;7;7;7;7;7;7;7;6;5;7;7
"Schweiz";"> Personentransportfahrzeuge";"2000 - 2004";"Anderer";0;0;0;0;0;0;0;0;0;0;13;14;17;16;25;47;41;38;70;81;72;64;63;56;38;27;25;26;20;15;14;11;7;9;9
"Schweiz";"> Personentransportfahrzeuge";"2000 - 2004";"Ohne Motor";0;0;0;0;0;0;0;0;0;0;0;0;0;0;0;0;0;0;0;0;0;0;0;0;0;0;0;0;0;0;0;0;0;0;0
"Schweiz";"> Personentransportfahrzeuge";"2005 - 2009";"Benzin";0;0;0;0;0;0;0;0;0;0;0;0;0;0;0;56;264;456;680;833;837;817;804;785;764;761;732;720;698;679;674;650;635;636;631
"Schweiz";"> Personentransportfahrzeuge";"2005 - 2009";"Diesel";0;0;0;0;0;0;0;0;0;0;0;0;0;0;0;1668;4526;6875;9750;12681;13431;13528;13605;13495;13355;13250;13150;12917;12630;12300;11759;11498;11172;11181;10953
"Schweiz";"> Personentransportfahrzeuge";"2005 - 2009";"Elektrisch";0;0;0;0;0;0;0;0;0;0;0;0;0;0;0;1;1;2;4;5;6;7;5;6;7;7;7;7;7;6;6;4;4;4;4
"Schweiz";"> Personentransportfahrzeuge";"2005 - 2009";"Anderer";0;0;0;0;0;0;0;0;0;0;0;0;0;0;0;306;91;159;193;140;154;153;153;152;143;139;136;138;130;119;112;106;70;51;28
"Schweiz";"> Personentransportfahrzeuge";"2005 - 2009";"Ohne Motor";0;0;0;0;0;0;0;0;0;0;0;0;0;0;0;0;0;0;0;0;0;0;0;0;0;0;0;0;0;0;0;0;0;0;0
"Schweiz";"> Personentransportfahrzeuge";"2010 - 2014";"Benzin";0;0;0;0;0;0;0;0;0;0;0;0;0;0;0;0;0;0;0;0;43;92;148;193;236;241;234;214;212;217;203;204;198;193;191
"Schweiz";"> Personentransportfahrzeuge";"2010 - 2014";"Diesel";0;0;0;0;0;0;0;0;0;0;0;0;0;0;0;0;0;0;0;0;2354;5967;10177;14106;18227;19146;19238;19274;19352;19491;19321;19735;19748;20109;20049
"Schweiz";"> Personentransportfahrzeuge";"2010 - 2014";"Elektrisch";0;0;0;0;0;0;0;0;0;0;0;0;0;0;0;0;0;0;0;0;1;15;20;23;24;27;25;25;25;23;25;25;22;22;21
"Schweiz";"> Personentransportfahrzeuge";"2010 - 2014";"Anderer";0;0;0;0;0;0;0;0;0;0;0;0;0;0;0;0;0;0;0;0;47;64;97;134;139;135;131;116;116;119;103;97;96;99;80
"Schweiz";"> Personentransportfahrzeuge";"2010 - 2014";"Ohne Motor";0;0;0;0;0;0;0;0;0;0;0;0;0;0;0;0;0;0;0;0;0;0;0;0;0;0;0;0;0;0;0;0;0;0;0
"Schweiz";"> Personentransportfahrzeuge";"2015";"Benzin";0;0;0;0;0;0;0;0;0;0;0;0;0;0;0;0;0;0;0;0;0;0;0;0;0;53;50;48;45;41;38;34;30;29;28
"Schweiz";"> Personentransportfahrzeuge";"2015";"Diesel";0;0;0;0;0;0;0;0;0;0;0;0;0;0;0;0;0;0;0;0;0;0;0;0;0;3821;4734;4783;4773;4785;4822;4974;5018;5163;5274
"Schweiz";"> Personentransportfahrzeuge";"2015";"Elektrisch";0;0;0;0;0;0;0;0;0;0;0;0;0;0;0;0;0;0;0;0;0;0;0;0;0;1;3;3;2;4;4;4;5;5;2
"Schweiz";"> Personentransportfahrzeuge";"2015";"Anderer";0;0;0;0;0;0;0;0;0;0;0;0;0;0;0;0;0;0;0;0;0;0;0;0;0;23;30;29;28;29;32;32;32;32;31
"Schweiz";"> Personentransportfahrzeuge";"2015";"Ohne Motor";0;0;0;0;0;0;0;0;0;0;0;0;0;0;0;0;0;0;0;0;0;0;0;0;0;0;0;0;0;0;0;0;0;0;0
"Schweiz";"> Personentransportfahrzeuge";"2016";"Benzin";0;0;0;0;0;0;0;0;0;0;0;0;0;0;0;0;0;0;0;0;0;0;0;0;0;0;46;70;65;63;56;52;52;57;53
"Schweiz";"> Personentransportfahrzeuge";"2016";"Diesel";0;0;0;0;0;0;0;0;0;0;0;0;0;0;0;0;0;0;0;0;0;0;0;0;0;0;4106;5097;5141;5114;5073;5251;5306;5436;5512
"Schweiz";"> Personentransportfahrzeuge";"2016";"Elektrisch";0;0;0;0;0;0;0;0;0;0;0;0;0;0;0;0;0;0;0;0;0;0;0;0;0;0;2;2;3;3;3;3;1;1;1
"Schweiz";"> Personentransportfahrzeuge";"2016";"Anderer";0;0;0;0;0;0;0;0;0;0;0;0;0;0;0;0;0;0;0;0;0;0;0;0;0;0;17;35;35;34;34;35;35;36;37
"Schweiz";"> Personentransportfahrzeuge";"2016";"Ohne Motor";0;0;0;0;0;0;0;0;0;0;0;0;0;0;0;0;0;0;0;0;0;0;0;0;0;0;0;0;0;0;0;0;0;0;0
"Schweiz";"> Personentransportfahrzeuge";"2017";"Benzin";0;0;0;0;0;0;0;0;0;0;0;0;0;0;0;0;0;0;0;0;0;0;0;0;0;0;0;47;65;68;67;60;57;63;69
"Schweiz";"> Personentransportfahrzeuge";"2017";"Diesel";0;0;0;0;0;0;0;0;0;0;0;0;0;0;0;0;0;0;0;0;0;0;0;0;0;0;0;4416;5447;5458;5447;5503;5606;5853;5885
"Schweiz";"> Personentransportfahrzeuge";"2017";"Elektrisch";0;0;0;0;0;0;0;0;0;0;0;0;0;0;0;0;0;0;0;0;0;0;0;0;0;0;0;4;8;8;7;6;5;5;5
"Schweiz";"> Personentransportfahrzeuge";"2017";"Anderer";0;0;0;0;0;0;0;0;0;0;0;0;0;0;0;0;0;0;0;0;0;0;0;0;0;0;0;27;29;29;29;28;29;30;30
"Schweiz";"> Personentransportfahrzeuge";"2017";"Ohne Motor";0;0;0;0;0;0;0;0;0;0;0;0;0;0;0;0;0;0;0;0;0;0;0;0;0;0;0;0;0;0;0;0;0;0;0
"Schweiz";"> Personentransportfahrzeuge";"2018";"Benzin";0;0;0;0;0;0;0;0;0;0;0;0;0;0;0;0;0;0;0;0;0;0;0;0;0;0;0;0;65;78;79;80;79;83;85
"Schweiz";"> Personentransportfahrzeuge";"2018";"Diesel";0;0;0;0;0;0;0;0;0;0;0;0;0;0;0;0;0;0;0;0;0;0;0;0;0;0;0;0;4363;5283;5305;5411;5394;5625;5788
"Schweiz";"> Personentransportfahrzeuge";"2018";"Elektrisch";0;0;0;0;0;0;0;0;0;0;0;0;0;0;0;0;0;0;0;0;0;0;0;0;0;0;0;0;13;19;19;19;20;20;20
"Schweiz";"> Personentransportfahrzeuge";"2018";"Anderer";0;0;0;0;0;0;0;0;0;0;0;0;0;0;0;0;0;0;0;0;0;0;0;0;0;0;0;0;15;44;45;44;44;44;45
"Schweiz";"> Personentransportfahrzeuge";"2018";"Ohne Motor";0;0;0;0;0;0;0;0;0;0;0;0;0;0;0;0;0;0;0;0;0;0;0;0;0;0;0;0;0;0;0;0;0;0;0
"Schweiz";"> Personentransportfahrzeuge";"2019";"Benzin";0;0;0;0;0;0;0;0;0;0;0;0;0;0;0;0;0;0;0;0;0;0;0;0;0;0;0;0;0;26;44;46;49;39;51
"Schweiz";"> Personentransportfahrzeuge";"2019";"Diesel";0;0;0;0;0;0;0;0;0;0;0;0;0;0;0;0;0;0;0;0;0;0;0;0;0;0;0;0;0;5184;6189;6272;6255;6395;6493
"Schweiz";"> Personentransportfahrzeuge";"2019";"Elektrisch";0;0;0;0;0;0;0;0;0;0;0;0;0;0;0;0;0;0;0;0;0;0;0;0;0;0;0;0;0;9;10;12;11;10;9
"Schweiz";"> Personentransportfahrzeuge";"2019";"Anderer";0;0;0;0;0;0;0;0;0;0;0;0;0;0;0;0;0;0;0;0;0;0;0;0;0;0;0;0;0;44;109;105;104;108;106
"Schweiz";"> Personentransportfahrzeuge";"2019";"Ohne Motor";0;0;0;0;0;0;0;0;0;0;0;0;0;0;0;0;0;0;0;0;0;0;0;0;0;0;0;0;0;0;0;0;0;0;0
"Schweiz";"> Personentransportfahrzeuge";"2020";"Benzin";0;0;0;0;0;0;0;0;0;0;0;0;0;0;0;0;0;0;0;0;0;0;0;0;0;0;0;0;0;0;18;30;31;25;25
"Schweiz";"> Personentransportfahrzeuge";"2020";"Diesel";0;0;0;0;0;0;0;0;0;0;0;0;0;0;0;0;0;0;0;0;0;0;0;0;0;0;0;0;0;0;5723;7411;7359;7489;7495
"Schweiz";"> Personentransportfahrzeuge";"2020";"Elektrisch";0;0;0;0;0;0;0;0;0;0;0;0;0;0;0;0;0;0;0;0;0;0;0;0;0;0;0;0;0;0;14;30;33;34;34
"Schweiz";"> Personentransportfahrzeuge";"2020";"Anderer";0;0;0;0;0;0;0;0;0;0;0;0;0;0;0;0;0;0;0;0;0;0;0;0;0;0;0;0;0;0;85;212;211;212;211
"Schweiz";"> Personentransportfahrzeuge";"2020";"Ohne Motor";0;0;0;0;0;0;0;0;0;0;0;0;0;0;0;0;0;0;0;0;0;0;0;0;0;0;0;0;0;0;0;0;0;0;0
"Schweiz";"> Personentransportfahrzeuge";"2021";"Benzin";0;0;0;0;0;0;0;0;0;0;0;0;0;0;0;0;0;0;0;0;0;0;0;0;0;0;0;0;0;0;0;68;100;101;94
"Schweiz";"> Personentransportfahrzeuge";"2021";"Diesel";0;0;0;0;0;0;0;0;0;0;0;0;0;0;0;0;0;0;0;0;0;0;0;0;0;0;0;0;0;0;0;7161;9080;9223;9261
"Schweiz";"> Personentransportfahrzeuge";"2021";"Elektrisch";0;0;0;0;0;0;0;0;0;0;0;0;0;0;0;0;0;0;0;0;0;0;0;0;0;0;0;0;0;0;0;39;70;74;75
"Schweiz";"> Personentransportfahrzeuge";"2021";"Anderer";0;0;0;0;0;0;0;0;0;0;0;0;0;0;0;0;0;0;0;0;0;0;0;0;0;0;0;0;0;0;0;119;226;228;228
"Schweiz";"> Personentransportfahrzeuge";"2021";"Ohne Motor";0;0;0;0;0;0;0;0;0;0;0;0;0;0;0;0;0;0;0;0;0;0;0;0;0;0;0;0;0;0;0;0;0;0;0
"Schweiz";"> Personentransportfahrzeuge";"2022";"Benzin";0;0;0;0;0;0;0;0;0;0;0;0;0;0;0;0;0;0;0;0;0;0;0;0;0;0;0;0;0;0;0;0;68;78;86
"Schweiz";"> Personentransportfahrzeuge";"2022";"Diesel";0;0;0;0;0;0;0;0;0;0;0;0;0;0;0;0;0;0;0;0;0;0;0;0;0;0;0;0;0;0;0;0;6079;7532;7643
"Schweiz";"> Personentransportfahrzeuge";"2022";"Elektrisch";0;0;0;0;0;0;0;0;0;0;0;0;0;0;0;0;0;0;0;0;0;0;0;0;0;0;0;0;0;0;0;0;79;140;148
"Schweiz";"> Personentransportfahrzeuge";"2022";"Anderer";0;0;0;0;0;0;0;0;0;0;0;0;0;0;0;0;0;0;0;0;0;0;0;0;0;0;0;0;0;0;0;0;77;121;120
"Schweiz";"> Personentransportfahrzeuge";"2022";"Ohne Motor";0;0;0;0;0;0;0;0;0;0;0;0;0;0;0;0;0;0;0;0;0;0;0;0;0;0;0;0;0;0;0;0;0;0;0
"Schweiz";"> Personentransportfahrzeuge";"2023";"Benzin";0;0;0;0;0;0;0;0;0;0;0;0;0;0;0;0;0;0;0;0;0;0;0;0;0;0;0;0;0;0;0;0;0;42;51
"Schweiz";"> Personentransportfahrzeuge";"2023";"Diesel";0;0;0;0;0;0;0;0;0;0;0;0;0;0;0;0;0;0;0;0;0;0;0;0;0;0;0;0;0;0;0;0;0;5839;7828
"Schweiz";"> Personentransportfahrzeuge";"2023";"Elektrisch";0;0;0;0;0;0;0;0;0;0;0;0;0;0;0;0;0;0;0;0;0;0;0;0;0;0;0;0;0;0;0;0;0;100;206
"Schweiz";"> Personentransportfahrzeuge";"2023";"Anderer";0;0;0;0;0;0;0;0;0;0;0;0;0;0;0;0;0;0;0;0;0;0;0;0;0;0;0;0;0;0;0;0;0;104;196
"Schweiz";"> Personentransportfahrzeuge";"2023";"Ohne Motor";0;0;0;0;0;0;0;0;0;0;0;0;0;0;0;0;0;0;0;0;0;0;0;0;0;0;0;0;0;0;0;0;0;0;0
"Schweiz";"> Personentransportfahrzeuge";"2024";"Benzin";0;0;0;0;0;0;0;0;0;0;0;0;0;0;0;0;0;0;0;0;0;0;0;0;0;0;0;0;0;0;0;0;0;0;23
"Schweiz";"> Personentransportfahrzeuge";"2024";"Diesel";0;0;0;0;0;0;0;0;0;0;0;0;0;0;0;0;0;0;0;0;0;0;0;0;0;0;0;0;0;0;0;0;0;0;5926
"Schweiz";"> Personentransportfahrzeuge";"2024";"Elektrisch";0;0;0;0;0;0;0;0;0;0;0;0;0;0;0;0;0;0;0;0;0;0;0;0;0;0;0;0;0;0;0;0;0;0;133
"Schweiz";"> Personentransportfahrzeuge";"2024";"Anderer";0;0;0;0;0;0;0;0;0;0;0;0;0;0;0;0;0;0;0;0;0;0;0;0;0;0;0;0;0;0;0;0;0;0;103
"Schweiz";"> Personentransportfahrzeuge";"2024";"Ohne Motor";0;0;0;0;0;0;0;0;0;0;0;0;0;0;0;0;0;0;0;0;0;0;0;0;0;0;0;0;0;0;0;0;0;0;0
"Schweiz";"> Personentransportfahrzeuge";"Unbekannt";"Benzin";1;2;1;4;4;4;2;1;0;0;0;0;0;0;0;2;0;3;2;1;1;1;0;0;0;0;0;0;0;0;0;0;0;0;0
"Schweiz";"> Personentransportfahrzeuge";"Unbekannt";"Diesel";21;19;10;10;12;10;13;18;0;0;0;0;0;0;0;80;0;3;1;0;0;0;0;0;0;0;0;0;0;0;0;0;0;0;0
"Schweiz";"> Personentransportfahrzeuge";"Unbekannt";"Elektrisch";1;1;1;1;1;1;1;1;1;1;1;1;1;1;1;0;0;0;0;0;0;0;0;0;0;0;0;0;0;0;0;0;0;0;0
"Schweiz";"> Personentransportfahrzeuge";"Unbekannt";"Anderer";0;0;0;0;0;0;0;0;0;0;0;0;0;0;0;0;0;0;0;0;0;0;0;0;0;0;0;0;0;0;0;0;0;0;0
"Schweiz";"> Personentransportfahrzeuge";"Unbekannt";"Ohne Motor";0;0;0;0;0;0;0;0;0;0;0;0;0;0;0;0;0;0;0;0;0;0;0;0;0;0;0;0;0;0;0;0;0;0;0
"Schweiz";"> Sachentransportfahrzeuge";"Vor 1960";"Benzin";343;334;331;324;311;326;317;307;306;311;319;313;308;293;293;287;358;360;391;380;364;385;410;421;467;497;569;586;649;686;710;743;766;803;836
"Schweiz";"> Sachentransportfahrzeuge";"Vor 1960";"Diesel";292;315;324;295;307;266;241;235;235;219;199;192;179;173;164;154;176;173;147;145;149;162;150;144;154;155;172;172;170;172;178;164;150;167;165
"Schweiz";"> Sachentransportfahrzeuge";"Vor 1960";"Elektrisch";9;8;8;6;5;4;4;4;3;3;3;3;3;3;3;3;0;0;0;0;0;1;1;1;1;3;3;4;3;3;3;3;3;3;3
"Schweiz";"> Sachentransportfahrzeuge";"Vor 1960";"Anderer";3;3;3;2;2;2;2;1;1;1;1;2;1;0;0;2;2;3;26;44;57;56;54;53;50;45;44;40;37;36;33;53;45;48;42
"Schweiz";"> Sachentransportfahrzeuge";"Vor 1960";"Ohne Motor";0;0;0;0;0;0;0;0;0;0;0;0;0;0;0;0;0;0;0;0;0;0;0;0;0;0;0;0;0;0;0;0;0;0;0
"Schweiz";"> Sachentransportfahrzeuge";"1960 - 1979";"Benzin";21881;17894;14279;11699;10190;10787;9570;8483;7684;7108;6460;5947;5503;5196;5004;4860;4550;4354;4160;3751;3402;3277;3199;3006;3009;3004;2963;2952;2953;2959;2953;2998;2987;2975;2979
"Schweiz";"> Sachentransportfahrzeuge";"1960 - 1979";"Diesel";19065;16366;14001;11970;10673;9322;7898;6907;6056;5310;4281;3455;3004;2615;2294;2217;1944;1776;1506;1226;1148;1061;976;759;692;656;624;583;564;557;543;531;509;506;496
"Schweiz";"> Sachentransportfahrzeuge";"1960 - 1979";"Elektrisch";22;19;18;16;15;12;9;8;9;9;9;7;7;7;6;5;1;0;0;0;0;0;0;0;0;0;0;0;0;0;1;3;3;3;4
"Schweiz";"> Sachentransportfahrzeuge";"1960 - 1979";"Anderer";6;5;5;28;61;86;87;52;31;17;15;14;0;2;2;30;47;14;113;174;230;231;236;226;215;195;174;151;140;134;127;138;133;124;115
"Schweiz";"> Sachentransportfahrzeuge";"1960 - 1979";"Ohne Motor";0;0;0;0;0;0;0;0;0;0;0;0;0;0;0;0;0;0;0;0;0;0;0;0;0;0;0;0;0;0;0;0;0;0;0
"Schweiz";"> Sachentransportfahrzeuge";"1980 - 1989";"Benzin";120114;113310;104918;97295;90560;83899;76072;67812;60055;53231;45113;37708;31855;26677;22874;19932;16885;14747;12347;9830;7830;6724;5776;4866;4229;3776;3397;3136;2907;2653;2508;2403;2286;2168;2094
"Schweiz";"> Sachentransportfahrzeuge";"1980 - 1989";"Diesel";70565;67915;64457;60824;57903;54981;50617;46621;42649;39034;33477;28130;24045;20613;18363;17150;14283;12390;9243;7145;6459;5651;4847;4114;3481;3018;2647;2384;2172;1974;1762;1628;1498;1415;1323
"Schweiz";"> Sachentransportfahrzeuge";"1980 - 1989";"Elektrisch";10;10;13;10;8;6;6;4;4;4;3;3;3;2;3;4;2;2;3;2;2;2;2;2;2;2;2;3;4;4;4;4;4;2;3
"Schweiz";"> Sachentransportfahrzeuge";"1980 - 1989";"Anderer";13;12;11;70;253;361;433;309;224;160;102;76;5;5;5;41;39;34;122;64;104;121;116;95;75;55;41;27;24;21;17;31;29;24;20
"Schweiz";"> Sachentransportfahrzeuge";"1980 - 1989";"Ohne Motor";0;0;0;0;0;0;0;0;0;0;0;0;0;0;0;0;0;0;0;0;0;0;0;0;0;0;0;0;0;0;0;0;0;0;0
"Schweiz";"> Sachentransportfahrzeuge";"1990 - 1999";"Benzin";10275;23514;34274;41882;50538;59422;66863;73498;80014;85727;85054;81366;76902;72309;67410;62704;57339;51445;45058;38706;33227;28481;23795;19364;16180;13390;11332;9691;8306;7218;6463;5924;5368;4971;4577
"Schweiz";"> Sachentransportfahrzeuge";"1990 - 1999";"Diesel";9498;17896;23955;28993;35372;42744;50733;59805;69971;82693;83863;80277;76433;72109;68502;65548;60731;56354;46982;40024;35302;31196;27052;22703;19104;16111;13648;11691;9924;8429;7277;6479;5758;5149;4592
"Schweiz";"> Sachentransportfahrzeuge";"1990 - 1999";"Elektrisch";0;7;9;26;29;25;36;39;48;62;63;59;49;49;45;40;34;32;28;24;21;22;16;13;10;9;3;3;4;4;3;3;4;4;4
"Schweiz";"> Sachentransportfahrzeuge";"1990 - 1999";"Anderer";0;0;0;13;50;96;117;103;88;63;51;63;34;31;30;43;47;57;104;124;167;147;130;107;80;64;56;49;43;38;32;34;28;30;26
"Schweiz";"> Sachentransportfahrzeuge";"1990 - 1999";"Ohne Motor";0;0;0;0;0;0;0;0;0;0;0;0;0;0;0;0;0;0;0;0;0;0;0;0;0;0;0;0;0;0;0;0;0;0;0
"Schweiz";"> Sachentransportfahrzeuge";"2000 - 2004";"Benzin";0;0;0;0;0;0;0;0;0;0;5614;11919;17277;20972;24358;24968;24775;24095;23147;22200;21111;19761;18303;16378;14529;12654;11068;9436;8012;6720;5821;5026;4338;3866;3475
"Schweiz";"> Sachentransportfahrzeuge";"2000 - 2004";"Diesel";0;0;0;0;0;0;0;0;0;0;13780;35542;54352;71055;88507;92101;91179;88761;84349;80067;76405;72352;66640;60470;54372;47982;42271;36593;31404;26947;23446;20710;18341;16392;14471
"Schweiz";"> Sachentransportfahrzeuge";"2000 - 2004";"Elektrisch";0;0;0;0;0;0;0;0;0;0;21;22;33;48;62;65;64;58;54;51;49;47;38;32;26;24;21;17;16;14;11;7;6;6;5
"Schweiz";"> Sachentransportfahrzeuge";"2000 - 2004";"Anderer";0;0;0;0;0;0;0;0;0;0;89;147;148;169;267;320;306;304;313;304;272;253;224;201;167;143;111;86;70;47;41;33;23;19;15
"Schweiz";"> Sachentransportfahrzeuge";"2000 - 2004";"Ohne Motor";0;0;0;0;0;0;0;0;0;0;0;0;0;0;0;0;0;0;0;0;0;0;0;0;0;0;0;0;0;0;0;0;0;0;0
"Schweiz";"> Sachentransportfahrzeuge";"2005 - 2009";"Benzin";0;0;0;0;0;0;0;0;0;0;0;0;0;0;0;1997;5696;8846;12282;15615;16347;16204;15912;15340;14845;14034;13107;12110;11105;10043;9177;8227;7366;6716;5988
"Schweiz";"> Sachentransportfahrzeuge";"2005 - 2009";"Diesel";0;0;0;0;0;0;0;0;0;0;0;0;0;0;0;12803;35186;59603;84718;106383;110848;109483;106985;103734;99669;94894;88682;81751;74584;66932;60283;54388;49269;44699;39777
"Schweiz";"> Sachentransportfahrzeuge";"2005 - 2009";"Elektrisch";0;0;0;0;0;0;0;0;0;0;0;0;0;0;0;9;12;14;25;26;28;28;27;23;20;14;13;12;9;10;9;7;6;5;5
"Schweiz";"> Sachentransportfahrzeuge";"2005 - 2009";"Anderer";0;0;0;0;0;0;0;0;0;0;0;0;0;0;0;143;379;716;1112;1521;1594;1583;1566;1504;1436;1347;1233;1133;982;896;807;703;604;534;469
"Schweiz";"> Sachentransportfahrzeuge";"2005 - 2009";"Ohne Motor";0;0;0;0;0;0;0;0;0;0;0;0;0;0;0;0;0;0;0;0;0;0;0;0;0;0;0;0;0;0;0;0;0;0;0
"Schweiz";"> Sachentransportfahrzeuge";"2010 - 2014";"Benzin";0;0;0;0;0;0;0;0;0;0;0;0;0;0;0;0;0;0;0;0;2519;5923;9271;12077;14956;15580;15336;14859;14428;13889;13369;12831;12176;11487;10825
"Schweiz";"> Sachentransportfahrzeuge";"2010 - 2014";"Diesel";0;0;0;0;0;0;0;0;0;0;0;0;0;0;0;0;0;0;0;0;17352;44945;75370;104506;133022;138647;136689;133228;128944;123663;118542;112775;106904;100317;92499
"Schweiz";"> Sachentransportfahrzeuge";"2010 - 2014";"Elektrisch";0;0;0;0;0;0;0;0;0;0;0;0;0;0;0;0;0;0;0;0;8;17;135;250;331;361;355;359;352;331;330;319;311;290;261
"Schweiz";"> Sachentransportfahrzeuge";"2010 - 2014";"Anderer";0;0;0;0;0;0;0;0;0;0;0;0;0;0;0;0;0;0;0;0;204;439;695;972;1159;1257;1240;1214;1160;1136;1067;980;927;849;776
"Schweiz";"> Sachentransportfahrzeuge";"2010 - 2014";"Ohne Motor";0;0;0;0;0;0;0;0;0;0;0;0;0;0;0;0;0;0;0;0;0;0;0;0;0;0;0;0;0;0;0;0;0;0;0
"Schweiz";"> Sachentransportfahrzeuge";"2015";"Benzin";0;0;0;0;0;0;0;0;0;0;0;0;0;0;0;0;0;0;0;0;0;0;0;0;0;2330;3116;3101;3072;2977;2943;2886;2821;2745;2631
"Schweiz";"> Sachentransportfahrzeuge";"2015";"Diesel";0;0;0;0;0;0;0;0;0;0;0;0;0;0;0;0;0;0;0;0;0;0;0;0;0;23106;30952;30804;30740;30142;29626;29232;28507;27420;25916
"Schweiz";"> Sachentransportfahrzeuge";"2015";"Elektrisch";0;0;0;0;0;0;0;0;0;0;0;0;0;0;0;0;0;0;0;0;0;0;0;0;0;131;153;155;157;163;159;154;158;157;151
"Schweiz";"> Sachentransportfahrzeuge";"2015";"Anderer";0;0;0;0;0;0;0;0;0;0;0;0;0;0;0;0;0;0;0;0;0;0;0;0;0;114;150;153;149;150;149;143;139;140;133
"Schweiz";"> Sachentransportfahrzeuge";"2015";"Ohne Motor";0;0;0;0;0;0;0;0;0;0;0;0;0;0;0;0;0;0;0;0;0;0;0;0;0;0;0;0;0;0;0;0;0;0;0
"Schweiz";"> Sachentransportfahrzeuge";"2016";"Benzin";0;0;0;0;0;0;0;0;0;0;0;0;0;0;0;0;0;0;0;0;0;0;0;0;0;0;2264;2926;2891;2863;2766;2727;2693;2623;2538
"Schweiz";"> Sachentransportfahrzeuge";"2016";"Diesel";0;0;0;0;0;0;0;0;0;0;0;0;0;0;0;0;0;0;0;0;0;0;0;0;0;0;22868;30408;30323;30064;29430;29119;28482;27616;26335
"Schweiz";"> Sachentransportfahrzeuge";"2016";"Elektrisch";0;0;0;0;0;0;0;0;0;0;0;0;0;0;0;0;0;0;0;0;0;0;0;0;0;0;122;179;177;183;178;177;178;180;168
"Schweiz";"> Sachentransportfahrzeuge";"2016";"Anderer";0;0;0;0;0;0;0;0;0;0;0;0;0;0;0;0;0;0;0;0;0;0;0;0;0;0;140;177;176;175;173;165;166;168;158
"Schweiz";"> Sachentransportfahrzeuge";"2016";"Ohne Motor";0;0;0;0;0;0;0;0;0;0;0;0;0;0;0;0;0;0;0;0;0;0;0;0;0;0;0;0;0;0;0;0;0;0;0
"Schweiz";"> Sachentransportfahrzeuge";"2017";"Benzin";0;0;0;0;0;0;0;0;0;0;0;0;0;0;0;0;0;0;0;0;0;0;0;0;0;0;0;2382;3192;3185;3174;3087;3006;2964;2918
"Schweiz";"> Sachentransportfahrzeuge";"2017";"Diesel";0;0;0;0;0;0;0;0;0;0;0;0;0;0;0;0;0;0;0;0;0;0;0;0;0;0;0;23714;32161;31823;31806;31478;30703;30008;28982
"Schweiz";"> Sachentransportfahrzeuge";"2017";"Elektrisch";0;0;0;0;0;0;0;0;0;0;0;0;0;0;0;0;0;0;0;0;0;0;0;0;0;0;0;103;185;189;190;190;191;185;183
"Schweiz";"> Sachentransportfahrzeuge";"2017";"Anderer";0;0;0;0;0;0;0;0;0;0;0;0;0;0;0;0;0;0;0;0;0;0;0;0;0;0;0;129;176;174;175;160;158;149;146
"Schweiz";"> Sachentransportfahrzeuge";"2017";"Ohne Motor";0;0;0;0;0;0;0;0;0;0;0;0;0;0;0;0;0;0;0;0;0;0;0;0;0;0;0;0;0;0;0;0;0;0;0
"Schweiz";"> Sachentransportfahrzeuge";"2018";"Benzin";0;0;0;0;0;0;0;0;0;0;0;0;0;0;0;0;0;0;0;0;0;0;0;0;0;0;0;0;2537;3397;3398;3403;3354;3285;3190
"Schweiz";"> Sachentransportfahrzeuge";"2018";"Diesel";0;0;0;0;0;0;0;0;0;0;0;0;0;0;0;0;0;0;0;0;0;0;0;0;0;0;0;0;23539;31906;31936;31882;31425;30373;29474
"Schweiz";"> Sachentransportfahrzeuge";"2018";"Elektrisch";0;0;0;0;0;0;0;0;0;0;0;0;0;0;0;0;0;0;0;0;0;0;0;0;0;0;0;0;204;286;290;292;295;291;281
"Schweiz";"> Sachentransportfahrzeuge";"2018";"Anderer";0;0;0;0;0;0;0;0;0;0;0;0;0;0;0;0;0;0;0;0;0;0;0;0;0;0;0;0;163;198;198;202;201;194;188
"Schweiz";"> Sachentransportfahrzeuge";"2018";"Ohne Motor";0;0;0;0;0;0;0;0;0;0;0;0;0;0;0;0;0;0;0;0;0;0;0;0;0;0;0;0;0;0;0;0;0;0;0
"Schweiz";"> Sachentransportfahrzeuge";"2019";"Benzin";0;0;0;0;0;0;0;0;0;0;0;0;0;0;0;0;0;0;0;0;0;0;0;0;0;0;0;0;0;2559;3928;4201;4263;4210;4004
"Schweiz";"> Sachentransportfahrzeuge";"2019";"Diesel";0;0;0;0;0;0;0;0;0;0;0;0;0;0;0;0;0;0;0;0;0;0;0;0;0;0;0;0;0;24280;33155;33571;33385;32814;31546
"Schweiz";"> Sachentransportfahrzeuge";"2019";"Elektrisch";0;0;0;0;0;0;0;0;0;0;0;0;0;0;0;0;0;0;0;0;0;0;0;0;0;0;0;0;0;447;560;563;563;541;445
"Schweiz";"> Sachentransportfahrzeuge";"2019";"Anderer";0;0;0;0;0;0;0;0;0;0;0;0;0;0;0;0;0;0;0;0;0;0;0;0;0;0;0;0;0;118;211;214;219;221;221
"Schweiz";"> Sachentransportfahrzeuge";"2019";"Ohne Motor";0;0;0;0;0;0;0;0;0;0;0;0;0;0;0;0;0;0;0;0;0;0;0;0;0;0;0;0;0;0;0;0;0;0;0
"Schweiz";"> Sachentransportfahrzeuge";"2020";"Benzin";0;0;0;0;0;0;0;0;0;0;0;0;0;0;0;0;0;0;0;0;0;0;0;0;0;0;0;0;0;0;1408;1936;1942;1920;1897
"Schweiz";"> Sachentransportfahrzeuge";"2020";"Diesel";0;0;0;0;0;0;0;0;0;0;0;0;0;0;0;0;0;0;0;0;0;0;0;0;0;0;0;0;0;0;20226;28301;28278;28047;27537
"Schweiz";"> Sachentransportfahrzeuge";"2020";"Elektrisch";0;0;0;0;0;0;0;0;0;0;0;0;0;0;0;0;0;0;0;0;0;0;0;0;0;0;0;0;0;0;366;756;771;762;681
"Schweiz";"> Sachentransportfahrzeuge";"2020";"Anderer";0;0;0;0;0;0;0;0;0;0;0;0;0;0;0;0;0;0;0;0;0;0;0;0;0;0;0;0;0;0;224;295;298;298;291
"Schweiz";"> Sachentransportfahrzeuge";"2020";"Ohne Motor";0;0;0;0;0;0;0;0;0;0;0;0;0;0;0;0;0;0;0;0;0;0;0;0;0;0;0;0;0;0;0;0;0;0;0
"Schweiz";"> Sachentransportfahrzeuge";"2021";"Benzin";0;0;0;0;0;0;0;0;0;0;0;0;0;0;0;0;0;0;0;0;0;0;0;0;0;0;0;0;0;0;0;1688;2265;2307;2297
"Schweiz";"> Sachentransportfahrzeuge";"2021";"Diesel";0;0;0;0;0;0;0;0;0;0;0;0;0;0;0;0;0;0;0;0;0;0;0;0;0;0;0;0;0;0;0;21691;28408;28410;28063
"Schweiz";"> Sachentransportfahrzeuge";"2021";"Elektrisch";0;0;0;0;0;0;0;0;0;0;0;0;0;0;0;0;0;0;0;0;0;0;0;0;0;0;0;0;0;0;0;955;1613;1626;1592
"Schweiz";"> Sachentransportfahrzeuge";"2021";"Anderer";0;0;0;0;0;0;0;0;0;0;0;0;0;0;0;0;0;0;0;0;0;0;0;0;0;0;0;0;0;0;0;244;354;354;349
"Schweiz";"> Sachentransportfahrzeuge";"2021";"Ohne Motor";0;0;0;0;0;0;0;0;0;0;0;0;0;0;0;0;0;0;0;0;0;0;0;0;0;0;0;0;0;0;0;0;0;0;0
"Schweiz";"> Sachentransportfahrzeuge";"2022";"Benzin";0;0;0;0;0;0;0;0;0;0;0;0;0;0;0;0;0;0;0;0;0;0;0;0;0;0;0;0;0;0;0;0;1695;2295;2356
"Schweiz";"> Sachentransportfahrzeuge";"2022";"Diesel";0;0;0;0;0;0;0;0;0;0;0;0;0;0;0;0;0;0;0;0;0;0;0;0;0;0;0;0;0;0;0;0;17833;23386;23443
"Schweiz";"> Sachentransportfahrzeuge";"2022";"Elektrisch";0;0;0;0;0;0;0;0;0;0;0;0;0;0;0;0;0;0;0;0;0;0;0;0;0;0;0;0;0;0;0;0;1335;2340;2345
"Schweiz";"> Sachentransportfahrzeuge";"2022";"Anderer";0;0;0;0;0;0;0;0;0;0;0;0;0;0;0;0;0;0;0;0;0;0;0;0;0;0;0;0;0;0;0;0;173;230;230
"Schweiz";"> Sachentransportfahrzeuge";"2022";"Ohne Motor";0;0;0;0;0;0;0;0;0;0;0;0;0;0;0;0;0;0;0;0;0;0;0;0;0;0;0;0;0;0;0;0;0;0;0
"Schweiz";"> Sachentransportfahrzeuge";"2023";"Benzin";0;0;0;0;0;0;0;0;0;0;0;0;0;0;0;0;0;0;0;0;0;0;0;0;0;0;0;0;0;0;0;0;0;1999;2698
"Schweiz";"> Sachentransportfahrzeuge";"2023";"Diesel";0;0;0;0;0;0;0;0;0;0;0;0;0;0;0;0;0;0;0;0;0;0;0;0;0;0;0;0;0;0;0;0;0;19242;27113
"Schweiz";"> Sachentransportfahrzeuge";"2023";"Elektrisch";0;0;0;0;0;0;0;0;0;0;0;0;0;0;0;0;0;0;0;0;0;0;0;0;0;0;0;0;0;0;0;0;0;2046;3630
"Schweiz";"> Sachentransportfahrzeuge";"2023";"Anderer";0;0;0;0;0;0;0;0;0;0;0;0;0;0;0;0;0;0;0;0;0;0;0;0;0;0;0;0;0;0;0;0;0;185;232
"Schweiz";"> Sachentransportfahrzeuge";"2023";"Ohne Motor";0;0;0;0;0;0;0;0;0;0;0;0;0;0;0;0;0;0;0;0;0;0;0;0;0;0;0;0;0;0;0;0;0;0;0
"Schweiz";"> Sachentransportfahrzeuge";"2024";"Benzin";0;0;0;0;0;0;0;0;0;0;0;0;0;0;0;0;0;0;0;0;0;0;0;0;0;0;0;0;0;0;0;0;0;0;1779
"Schweiz";"> Sachentransportfahrzeuge";"2024";"Diesel";0;0;0;0;0;0;0;0;0;0;0;0;0;0;0;0;0;0;0;0;0;0;0;0;0;0;0;0;0;0;0;0;0;0;21371
"Schweiz";"> Sachentransportfahrzeuge";"2024";"Elektrisch";0;0;0;0;0;0;0;0;0;0;0;0;0;0;0;0;0;0;0;0;0;0;0;0;0;0;0;0;0;0;0;0;0;0;1490
"Schweiz";"> Sachentransportfahrzeuge";"2024";"Anderer";0;0;0;0;0;0;0;0;0;0;0;0;0;0;0;0;0;0;0;0;0;0;0;0;0;0;0;0;0;0;0;0;0;0;162
"Schweiz";"> Sachentransportfahrzeuge";"2024";"Ohne Motor";0;0;0;0;0;0;0;0;0;0;0;0;0;0;0;0;0;0;0;0;0;0;0;0;0;0;0;0;0;0;0;0;0;0;0
"Schweiz";"> Sachentransportfahrzeuge";"Unbekannt";"Benzin";21;21;4;7;7;10;11;6;2;2;1;1;1;1;1;155;1;1;1;1;0;0;0;0;0;0;0;0;0;0;0;0;0;0;0
"Schweiz";"> Sachentransportfahrzeuge";"Unbekannt";"Diesel";16;15;0;0;0;2;3;5;0;0;0;0;0;0;0;1579;4;13;1;1;1;1;0;0;0;0;0;0;0;0;0;0;0;0;0
"Schweiz";"> Sachentransportfahrzeuge";"Unbekannt";"Elektrisch";3;2;1;1;1;1;1;1;0;0;0;0;0;0;0;0;0;0;0;0;0;0;0;0;0;0;0;0;0;0;0;0;0;0;0
"Schweiz";"> Sachentransportfahrzeuge";"Unbekannt";"Anderer";0;0;0;0;0;0;0;0;0;0;0;0;0;0;0;1;0;1;0;0;0;0;0;0;0;0;0;0;0;0;0;0;0;0;0
"Schweiz";"> Sachentransportfahrzeuge";"Unbekannt";"Ohne Motor";0;0;0;0;0;0;0;0;0;0;0;0;0;0;0;0;0;0;0;0;0;0;0;0;0;0;0;0;0;0;0;0;0;0;0
"Schweiz";"> Landwirtschaftsfahrzeuge";"Vor 1960";"Benzin";2011;1991;2241;2314;2194;2093;1968;1917;1900;1848;1786;1722;1691;1679;1643;1585;1698;1765;3086;3157;2887;2659;2407;2258;2078;1961;1906;1871;1859;1852;1832;1808;1806;1703;1698
"Schweiz";"> Landwirtschaftsfahrzeuge";"Vor 1960";"Diesel";5874;5522;5400;5112;4836;4599;4399;4294;4179;4027;3946;3830;3769;3666;3614;3537;3349;3234;2173;2138;2374;2590;2874;3068;3248;3371;3466;3494;3500;3556;3583;3531;3557;3663;3655
"Schweiz";"> Landwirtschaftsfahrzeuge";"Vor 1960";"Elektrisch";1;1;1;0;1;1;1;1;0;0;0;0;0;0;0;0;1;1;0;1;1;1;1;1;1;1;1;1;1;1;1;1;0;0;0
"Schweiz";"> Landwirtschaftsfahrzeuge";"Vor 1960";"Anderer";278;254;292;263;236;215;205;198;191;187;186;175;161;164;166;200;123;112;118;35;41;44;48;56;66;75;81;78;85;86;89;181;181;176;175
"Schweiz";"> Landwirtschaftsfahrzeuge";"Vor 1960";"Ohne Motor";0;0;0;0;0;0;0;0;0;0;0;0;0;0;0;0;0;0;0;0;0;0;0;0;0;0;0;0;0;0;0;0;0;0;0
"Schweiz";"> Landwirtschaftsfahrzeuge";"1960 - 1979";"Benzin";7672;7779;9432;9917;9606;9501;9440;9342;9346;9088;8821;8612;8412;8212;7840;8479;10039;10049;13719;13172;12218;11468;10715;10042;9359;8722;8401;8145;8002;7841;7725;7519;7418;6897;6748
"Schweiz";"> Landwirtschaftsfahrzeuge";"1960 - 1979";"Diesel";84672;83089;81059;79073;77077;75194;72899;71253;69301;67290;65248;63433;61557;59612;57789;55909;53525;51264;47927;46575;45936;45324;44742;44147;43546;43097;42414;41576;40767;40040;39512;38883;38218;38135;37609
"Schweiz";"> Landwirtschaftsfahrzeuge";"1960 - 1979";"Elektrisch";4;4;4;4;5;6;6;5;4;4;4;5;4;4;4;3;3;2;1;0;0;0;0;0;0;0;1;2;2;3;3;3;3;5;7
"Schweiz";"> Landwirtschaftsfahrzeuge";"1960 - 1979";"Anderer";112;104;106;85;72;68;63;59;55;48;47;44;41;39;40;139;253;229;445;33;38;33;33;29;29;29;25;21;21;21;20;283;274;231;227
"Schweiz";"> Landwirtschaftsfahrzeuge";"1960 - 1979";"Ohne Motor";0;0;0;0;0;0;0;0;0;0;0;0;0;0;0;0;0;0;0;0;0;0;0;0;0;0;0;0;0;0;0;0;0;0;0
"Schweiz";"> Landwirtschaftsfahrzeuge";"1980 - 1989";"Benzin";3206;3345;3942;4225;4263;4229;4152;4093;4055;3964;3861;3793;3649;3518;3386;3329;4704;4755;7568;8123;7293;6399;5437;4594;3829;3232;2909;2683;2480;2354;2254;2097;1988;1401;1342
"Schweiz";"> Landwirtschaftsfahrzeuge";"1980 - 1989";"Diesel";54423;54294;54048;53871;53458;53262;52618;52411;51947;51452;50892;50506;49839;49230;48634;47719;45807;44251;41178;39645;39662;39501;39464;39257;38986;38564;37926;37228;36400;35552;34864;34067;33393;33276;32593
"Schweiz";"> Landwirtschaftsfahrzeuge";"1980 - 1989";"Elektrisch";10;10;9;9;8;8;8;8;8;9;8;8;8;7;7;7;8;7;4;4;4;7;7;7;6;5;4;4;4;4;5;5;5;4;4
"Schweiz";"> Landwirtschaftsfahrzeuge";"1980 - 1989";"Anderer";10;9;11;11;15;14;14;15;15;13;12;10;5;5;5;12;248;237;262;37;40;36;43;40;34;28;28;29;29;27;27;84;82;71;67
"Schweiz";"> Landwirtschaftsfahrzeuge";"1980 - 1989";"Ohne Motor";0;0;0;0;0;0;0;0;0;0;0;0;0;0;0;0;0;0;0;0;0;0;0;0;0;0;0;0;0;0;0;0;0;0;0
"Schweiz";"> Landwirtschaftsfahrzeuge";"1990 - 1999";"Benzin";214;497;793;1106;1350;1550;1709;1885;2026;2154;2217;2238;2246;2255;2258;2234;2820;2771;2930;2673;2579;2461;2315;2169;2009;1896;1794;1706;1627;1519;1489;1392;1302;1103;1029
"Schweiz";"> Landwirtschaftsfahrzeuge";"1990 - 1999";"Diesel";4132;8359;11913;15369;19110;23200;26668;30116;33665;37043;37766;37711;37594;37365;37265;37055;37419;36987;36903;36261;36166;35891;35660;35474;35334;34914;34526;34130;33649;33205;32749;32235;31687;31343;30863
"Schweiz";"> Landwirtschaftsfahrzeuge";"1990 - 1999";"Elektrisch";1;2;2;2;4;5;6;7;8;9;11;12;13;13;11;9;5;6;6;5;5;4;3;3;3;3;3;3;3;2;2;2;1;0;0
"Schweiz";"> Landwirtschaftsfahrzeuge";"1990 - 1999";"Anderer";1;1;0;2;3;3;5;7;8;9;9;11;2;2;2;28;87;80;124;45;45;41;38;31;27;24;24;22;19;18;15;52;49;45;43
"Schweiz";"> Landwirtschaftsfahrzeuge";"1990 - 1999";"Ohne Motor";0;0;0;0;0;0;0;0;0;0;0;0;0;0;0;0;0;0;0;0;0;0;0;0;0;0;0;0;0;0;0;0;0;0;0
"Schweiz";"> Landwirtschaftsfahrzeuge";"2000 - 2004";"Benzin";0;0;0;0;0;0;0;0;0;0;102;263;425;600;763;822;1079;1095;1146;776;763;746;726;694;672;671;672;673;669;664;650;636;620;591;568
"Schweiz";"> Landwirtschaftsfahrzeuge";"2000 - 2004";"Diesel";0;0;0;0;0;0;0;0;0;0;3045;6944;10639;13917;17458;18104;18180;18045;18163;17782;17800;17705;17606;17650;17602;17482;17449;17334;17241;17096;16932;16784;16495;16354;16150
"Schweiz";"> Landwirtschaftsfahrzeuge";"2000 - 2004";"Elektrisch";0;0;0;0;0;0;0;0;0;0;0;1;5;6;9;10;11;11;10;10;10;9;10;10;11;11;11;12;12;13;12;11;11;11;13
"Schweiz";"> Landwirtschaftsfahrzeuge";"2000 - 2004";"Anderer";0;0;0;0;0;0;0;0;0;0;0;1;1;1;4;18;59;43;46;7;6;8;8;9;8;5;5;6;5;4;4;5;5;4;4
"Schweiz";"> Landwirtschaftsfahrzeuge";"2000 - 2004";"Ohne Motor";0;0;0;0;0;0;0;0;0;0;0;0;0;0;0;0;0;0;0;0;0;0;0;0;0;0;0;0;0;0;0;0;0;0;0
"Schweiz";"> Landwirtschaftsfahrzeuge";"2005 - 2009";"Benzin";0;0;0;0;0;0;0;0;0;0;0;0;0;0;0;86;251;371;546;635;661;628;618;596;566;540;535;538;522;511;523;520;513;514;518
"Schweiz";"> Landwirtschaftsfahrzeuge";"2005 - 2009";"Diesel";0;0;0;0;0;0;0;0;0;0;0;0;0;0;0;2672;5771;8701;11823;14763;15381;15399;15489;15508;15571;15550;15590;15598;15564;15507;15483;15453;15356;15275;15156
"Schweiz";"> Landwirtschaftsfahrzeuge";"2005 - 2009";"Elektrisch";0;0;0;0;0;0;0;0;0;0;0;0;0;0;0;1;3;5;9;11;11;11;10;10;10;10;10;9;9;9;8;8;7;7;8
"Schweiz";"> Landwirtschaftsfahrzeuge";"2005 - 2009";"Anderer";0;0;0;0;0;0;0;0;0;0;0;0;0;0;0;63;17;31;26;10;10;11;13;12;10;11;11;11;11;11;12;12;12;12;12
"Schweiz";"> Landwirtschaftsfahrzeuge";"2005 - 2009";"Ohne Motor";0;0;0;0;0;0;0;0;0;0;0;0;0;0;0;0;0;0;0;0;0;0;0;0;0;0;0;0;0;0;0;0;0;0;0
"Schweiz";"> Landwirtschaftsfahrzeuge";"2010 - 2014";"Benzin";0;0;0;0;0;0;0;0;0;0;0;0;0;0;0;0;0;0;0;0;101;223;355;467;578;598;586;563;553;542;540;537;518;515;513
"Schweiz";"> Landwirtschaftsfahrzeuge";"2010 - 2014";"Diesel";0;0;0;0;0;0;0;0;0;0;0;0;0;0;0;0;0;0;0;0;2445;5918;9717;13150;16484;17287;17384;17455;17517;17512;17544;17582;17628;17622;17562
"Schweiz";"> Landwirtschaftsfahrzeuge";"2010 - 2014";"Elektrisch";0;0;0;0;0;0;0;0;0;0;0;0;0;0;0;0;0;0;0;0;4;9;17;21;23;23;22;23;22;23;23;23;24;23;22
"Schweiz";"> Landwirtschaftsfahrzeuge";"2010 - 2014";"Anderer";0;0;0;0;0;0;0;0;0;0;0;0;0;0;0;0;0;0;0;0;1;2;2;2;5;6;7;7;7;7;6;7;6;7;7
"Schweiz";"> Landwirtschaftsfahrzeuge";"2010 - 2014";"Ohne Motor";0;0;0;0;0;0;0;0;0;0;0;0;0;0;0;0;0;0;0;0;0;0;0;0;0;0;0;0;0;0;0;0;0;0;0
"Schweiz";"> Landwirtschaftsfahrzeuge";"2015";"Benzin";0;0;0;0;0;0;0;0;0;0;0;0;0;0;0;0;0;0;0;0;0;0;0;0;0;63;83;83;81;79;75;71;71;71;66
"Schweiz";"> Landwirtschaftsfahrzeuge";"2015";"Diesel";0;0;0;0;0;0;0;0;0;0;0;0;0;0;0;0;0;0;0;0;0;0;0;0;0;2949;3603;3657;3678;3706;3699;3712;3711;3713;3718
"Schweiz";"> Landwirtschaftsfahrzeuge";"2015";"Elektrisch";0;0;0;0;0;0;0;0;0;0;0;0;0;0;0;0;0;0;0;0;0;0;0;0;0;1;1;1;1;1;1;2;3;3;3
"Schweiz";"> Landwirtschaftsfahrzeuge";"2015";"Anderer";0;0;0;0;0;0;0;0;0;0;0;0;0;0;0;0;0;0;0;0;0;0;0;0;0;3;1;1;1;0;0;0;0;0;0
"Schweiz";"> Landwirtschaftsfahrzeuge";"2015";"Ohne Motor";0;0;0;0;0;0;0;0;0;0;0;0;0;0;0;0;0;0;0;0;0;0;0;0;0;0;0;0;0;0;0;0;0;0;0
"Schweiz";"> Landwirtschaftsfahrzeuge";"2016";"Benzin";0;0;0;0;0;0;0;0;0;0;0;0;0;0;0;0;0;0;0;0;0;0;0;0;0;0;74;87;84;84;83;82;78;76;78
"Schweiz";"> Landwirtschaftsfahrzeuge";"2016";"Diesel";0;0;0;0;0;0;0;0;0;0;0;0;0;0;0;0;0;0;0;0;0;0;0;0;0;0;2581;3206;3231;3236;3262;3278;3293;3304;3296
"Schweiz";"> Landwirtschaftsfahrzeuge";"2016";"Elektrisch";0;0;0;0;0;0;0;0;0;0;0;0;0;0;0;0;0;0;0;0;0;0;0;0;0;0;5;7;7;6;6;6;6;6;6
"Schweiz";"> Landwirtschaftsfahrzeuge";"2016";"Anderer";0;0;0;0;0;0;0;0;0;0;0;0;0;0;0;0;0;0;0;0;0;0;0;0;0;0;0;0;0;0;0;0;0;0;0
"Schweiz";"> Landwirtschaftsfahrzeuge";"2016";"Ohne Motor";0;0;0;0;0;0;0;0;0;0;0;0;0;0;0;0;0;0;0;0;0;0;0;0;0;0;0;0;0;0;0;0;0;0;0
"Schweiz";"> Landwirtschaftsfahrzeuge";"2017";"Benzin";0;0;0;0;0;0;0;0;0;0;0;0;0;0;0;0;0;0;0;0;0;0;0;0;0;0;0;86;99;99;100;98;96;89;85
"Schweiz";"> Landwirtschaftsfahrzeuge";"2017";"Diesel";0;0;0;0;0;0;0;0;0;0;0;0;0;0;0;0;0;0;0;0;0;0;0;0;0;0;0;2498;3211;3284;3298;3338;3361;3370;3363
"Schweiz";"> Landwirtschaftsfahrzeuge";"2017";"Elektrisch";0;0;0;0;0;0;0;0;0;0;0;0;0;0;0;0;0;0;0;0;0;0;0;0;0;0;0;9;11;11;11;11;11;10;11
"Schweiz";"> Landwirtschaftsfahrzeuge";"2017";"Anderer";0;0;0;0;0;0;0;0;0;0;0;0;0;0;0;0;0;0;0;0;0;0;0;0;0;0;0;1;1;1;1;1;1;1;1
"Schweiz";"> Landwirtschaftsfahrzeuge";"2017";"Ohne Motor";0;0;0;0;0;0;0;0;0;0;0;0;0;0;0;0;0;0;0;0;0;0;0;0;0;0;0;0;0;0;0;0;0;0;0
"Schweiz";"> Landwirtschaftsfahrzeuge";"2018";"Benzin";0;0;0;0;0;0;0;0;0;0;0;0;0;0;0;0;0;0;0;0;0;0;0;0;0;0;0;0;51;66;66;65;64;64;62
"Schweiz";"> Landwirtschaftsfahrzeuge";"2018";"Diesel";0;0;0;0;0;0;0;0;0;0;0;0;0;0;0;0;0;0;0;0;0;0;0;0;0;0;0;0;2239;2868;2905;2959;2979;2992;2988
"Schweiz";"> Landwirtschaftsfahrzeuge";"2018";"Elektrisch";0;0;0;0;0;0;0;0;0;0;0;0;0;0;0;0;0;0;0;0;0;0;0;0;0;0;0;0;8;6;8;8;8;9;8
"Schweiz";"> Landwirtschaftsfahrzeuge";"2018";"Anderer";0;0;0;0;0;0;0;0;0;0;0;0;0;0;0;0;0;0;0;0;0;0;0;0;0;0;0;0;0;0;0;0;0;0;0
"Schweiz";"> Landwirtschaftsfahrzeuge";"2018";"Ohne Motor";0;0;0;0;0;0;0;0;0;0;0;0;0;0;0;0;0;0;0;0;0;0;0;0;0;0;0;0;0;0;0;0;0;0;0
"Schweiz";"> Landwirtschaftsfahrzeuge";"2019";"Benzin";0;0;0;0;0;0;0;0;0;0;0;0;0;0;0;0;0;0;0;0;0;0;0;0;0;0;0;0;0;42;53;55;51;48;43
"Schweiz";"> Landwirtschaftsfahrzeuge";"2019";"Diesel";0;0;0;0;0;0;0;0;0;0;0;0;0;0;0;0;0;0;0;0;0;0;0;0;0;0;0;0;0;2361;3037;3089;3100;3124;3134
"Schweiz";"> Landwirtschaftsfahrzeuge";"2019";"Elektrisch";0;0;0;0;0;0;0;0;0;0;0;0;0;0;0;0;0;0;0;0;0;0;0;0;0;0;0;0;0;4;12;11;11;9;10
"Schweiz";"> Landwirtschaftsfahrzeuge";"2019";"Anderer";0;0;0;0;0;0;0;0;0;0;0;0;0;0;0;0;0;0;0;0;0;0;0;0;0;0;0;0;0;0;0;0;0;0;0
"Schweiz";"> Landwirtschaftsfahrzeuge";"2019";"Ohne Motor";0;0;0;0;0;0;0;0;0;0;0;0;0;0;0;0;0;0;0;0;0;0;0;0;0;0;0;0;0;0;0;0;0;0;0
"Schweiz";"> Landwirtschaftsfahrzeuge";"2020";"Benzin";0;0;0;0;0;0;0;0;0;0;0;0;0;0;0;0;0;0;0;0;0;0;0;0;0;0;0;0;0;0;66;91;89;88;91
"Schweiz";"> Landwirtschaftsfahrzeuge";"2020";"Diesel";0;0;0;0;0;0;0;0;0;0;0;0;0;0;0;0;0;0;0;0;0;0;0;0;0;0;0;0;0;0;2476;3147;3156;3167;3192
"Schweiz";"> Landwirtschaftsfahrzeuge";"2020";"Elektrisch";0;0;0;0;0;0;0;0;0;0;0;0;0;0;0;0;0;0;0;0;0;0;0;0;0;0;0;0;0;0;15;20;20;21;21
"Schweiz";"> Landwirtschaftsfahrzeuge";"2020";"Anderer";0;0;0;0;0;0;0;0;0;0;0;0;0;0;0;0;0;0;0;0;0;0;0;0;0;0;0;0;0;0;1;1;1;1;1
"Schweiz";"> Landwirtschaftsfahrzeuge";"2020";"Ohne Motor";0;0;0;0;0;0;0;0;0;0;0;0;0;0;0;0;0;0;0;0;0;0;0;0;0;0;0;0;0;0;0;0;0;0;0
"Schweiz";"> Landwirtschaftsfahrzeuge";"2021";"Benzin";0;0;0;0;0;0;0;0;0;0;0;0;0;0;0;0;0;0;0;0;0;0;0;0;0;0;0;0;0;0;0;79;92;94;90
"Schweiz";"> Landwirtschaftsfahrzeuge";"2021";"Diesel";0;0;0;0;0;0;0;0;0;0;0;0;0;0;0;0;0;0;0;0;0;0;0;0;0;0;0;0;0;0;0;2676;3311;3371;3387
"Schweiz";"> Landwirtschaftsfahrzeuge";"2021";"Elektrisch";0;0;0;0;0;0;0;0;0;0;0;0;0;0;0;0;0;0;0;0;0;0;0;0;0;0;0;0;0;0;0;7;10;10;10
"Schweiz";"> Landwirtschaftsfahrzeuge";"2021";"Anderer";0;0;0;0;0;0;0;0;0;0;0;0;0;0;0;0;0;0;0;0;0;0;0;0;0;0;0;0;0;0;0;2;2;2;2
"Schweiz";"> Landwirtschaftsfahrzeuge";"2021";"Ohne Motor";0;0;0;0;0;0;0;0;0;0;0;0;0;0;0;0;0;0;0;0;0;0;0;0;0;0;0;0;0;0;0;0;0;0;0
"Schweiz";"> Landwirtschaftsfahrzeuge";"2022";"Benzin";0;0;0;0;0;0;0;0;0;0;0;0;0;0;0;0;0;0;0;0;0;0;0;0;0;0;0;0;0;0;0;0;58;70;73
"Schweiz";"> Landwirtschaftsfahrzeuge";"2022";"Diesel";0;0;0;0;0;0;0;0;0;0;0;0;0;0;0;0;0;0;0;0;0;0;0;0;0;0;0;0;0;0;0;0;2175;2688;2751
"Schweiz";"> Landwirtschaftsfahrzeuge";"2022";"Elektrisch";0;0;0;0;0;0;0;0;0;0;0;0;0;0;0;0;0;0;0;0;0;0;0;0;0;0;0;0;0;0;0;0;21;20;20
"Schweiz";"> Landwirtschaftsfahrzeuge";"2022";"Anderer";0;0;0;0;0;0;0;0;0;0;0;0;0;0;0;0;0;0;0;0;0;0;0;0;0;0;0;0;0;0;0;0;4;5;5
"Schweiz";"> Landwirtschaftsfahrzeuge";"2022";"Ohne Motor";0;0;0;0;0;0;0;0;0;0;0;0;0;0;0;0;0;0;0;0;0;0;0;0;0;0;0;0;0;0;0;0;0;0;0
"Schweiz";"> Landwirtschaftsfahrzeuge";"2023";"Benzin";0;0;0;0;0;0;0;0;0;0;0;0;0;0;0;0;0;0;0;0;0;0;0;0;0;0;0;0;0;0;0;0;0;49;62
"Schweiz";"> Landwirtschaftsfahrzeuge";"2023";"Diesel";0;0;0;0;0;0;0;0;0;0;0;0;0;0;0;0;0;0;0;0;0;0;0;0;0;0;0;0;0;0;0;0;0;2197;2801
"Schweiz";"> Landwirtschaftsfahrzeuge";"2023";"Elektrisch";0;0;0;0;0;0;0;0;0;0;0;0;0;0;0;0;0;0;0;0;0;0;0;0;0;0;0;0;0;0;0;0;0;17;30
"Schweiz";"> Landwirtschaftsfahrzeuge";"2023";"Anderer";0;0;0;0;0;0;0;0;0;0;0;0;0;0;0;0;0;0;0;0;0;0;0;0;0;0;0;0;0;0;0;0;0;1;1
"Schweiz";"> Landwirtschaftsfahrzeuge";"2023";"Ohne Motor";0;0;0;0;0;0;0;0;0;0;0;0;0;0;0;0;0;0;0;0;0;0;0;0;0;0;0;0;0;0;0;0;0;0;0
"Schweiz";"> Landwirtschaftsfahrzeuge";"2024";"Benzin";0;0;0;0;0;0;0;0;0;0;0;0;0;0;0;0;0;0;0;0;0;0;0;0;0;0;0;0;0;0;0;0;0;0;45
"Schweiz";"> Landwirtschaftsfahrzeuge";"2024";"Diesel";0;0;0;0;0;0;0;0;0;0;0;0;0;0;0;0;0;0;0;0;0;0;0;0;0;0;0;0;0;0;0;0;0;0;1936
"Schweiz";"> Landwirtschaftsfahrzeuge";"2024";"Elektrisch";0;0;0;0;0;0;0;0;0;0;0;0;0;0;0;0;0;0;0;0;0;0;0;0;0;0;0;0;0;0;0;0;0;0;25
"Schweiz";"> Landwirtschaftsfahrzeuge";"2024";"Anderer";0;0;0;0;0;0;0;0;0;0;0;0;0;0;0;0;0;0;0;0;0;0;0;0;0;0;0;0;0;0;0;0;0;0;2
"Schweiz";"> Landwirtschaftsfahrzeuge";"2024";"Ohne Motor";0;0;0;0;0;0;0;0;0;0;0;0;0;0;0;0;0;0;0;0;0;0;0;0;0;0;0;0;0;0;0;0;0;0;0
"Schweiz";"> Landwirtschaftsfahrzeuge";"Unbekannt";"Benzin";116;112;5;13;16;21;23;19;1;1;0;0;0;0;0;6;2;4;3;2;1;0;0;0;0;0;0;0;0;0;0;0;0;0;0
"Schweiz";"> Landwirtschaftsfahrzeuge";"Unbekannt";"Diesel";144;149;16;35;44;53;60;54;3;2;2;2;2;0;0;7;3;6;2;2;2;2;0;0;0;0;0;0;0;0;0;0;0;0;0
"Schweiz";"> Landwirtschaftsfahrzeuge";"Unbekannt";"Elektrisch";0;0;0;0;0;0;0;0;0;0;0;0;0;0;0;0;0;0;0;0;0;0;0;0;0;0;0;0;0;0;0;0;0;0;0
"Schweiz";"> Landwirtschaftsfahrzeuge";"Unbekannt";"Anderer";51;49;3;3;2;4;3;5;0;0;0;0;0;0;0;0;1;0;0;0;0;0;0;0;0;0;0;0;0;0;0;0;0;0;0
"Schweiz";"> Landwirtschaftsfahrzeuge";"Unbekannt";"Ohne Motor";0;0;0;0;0;0;0;0;0;0;0;0;0;0;0;0;0;0;0;0;0;0;0;0;0;0;0;0;0;0;0;0;0;0;0
"Schweiz";"> Industriefahrzeuge";"Vor 1960";"Benzin";452;400;408;368;345;322;305;294;282;262;243;219;201;187;188;175;173;181;197;200;189;179;173;164;166;167;172;176;176;181;181;179;180;184;187
"Schweiz";"> Industriefahrzeuge";"Vor 1960";"Diesel";395;365;355;346;329;314;305;308;297;313;301;304;298;293;278;270;258;244;220;214;210;215;221;227;236;244;250;261;261;282;286;289;299;312;299
"Schweiz";"> Industriefahrzeuge";"Vor 1960";"Elektrisch";53;49;48;45;37;37;34;32;26;25;27;24;24;21;13;12;15;14;14;13;14;16;14;13;10;11;10;7;7;7;6;7;7;7;7
"Schweiz";"> Industriefahrzeuge";"Vor 1960";"Anderer";12;11;15;13;14;11;11;10;10;10;10;9;8;8;8;12;8;8;22;36;51;47;48;38;28;26;27;23;20;21;19;22;20;21;21
"Schweiz";"> Industriefahrzeuge";"Vor 1960";"Ohne Motor";0;0;0;0;0;0;0;0;0;0;0;0;0;0;0;0;0;0;0;0;0;0;0;0;0;0;0;0;0;0;0;0;0;0;0
"Schweiz";"> Industriefahrzeuge";"1960 - 1979";"Benzin";3822;3614;3373;3203;3043;2911;2780;2610;2458;2317;2178;2030;1852;1719;1582;1464;1492;1432;1642;1508;1304;1182;1003;881;748;665;609;573;559;538;519;502;496;463;451
"Schweiz";"> Industriefahrzeuge";"1960 - 1979";"Diesel";12452;11431;10476;9655;9102;8576;7910;7372;6859;6416;6020;5590;5202;4864;4556;4327;3915;3764;2875;2350;2301;2218;2098;1932;1849;1825;1733;1667;1639;1612;1569;1544;1558;1551;1520
"Schweiz";"> Industriefahrzeuge";"1960 - 1979";"Elektrisch";1765;1707;1639;1569;1500;1425;1318;1266;1149;1112;1057;1012;988;970;464;437;382;357;312;284;267;256;228;207;206;201;192;191;179;168;166;156;154;151;139
"Schweiz";"> Industriefahrzeuge";"1960 - 1979";"Anderer";84;71;59;48;43;38;32;28;26;24;24;20;17;17;16;20;24;24;64;80;110;107;110;91;73;68;56;47;37;33;31;34;32;30;30
"Schweiz";"> Industriefahrzeuge";"1960 - 1979";"Ohne Motor";0;0;0;0;0;0;0;0;0;0;0;0;0;0;0;0;0;0;0;0;0;0;0;0;0;0;0;0;0;0;0;0;0;0;0
"Schweiz";"> Industriefahrzeuge";"1980 - 1989";"Benzin";2539;2534;2491;2451;2419;2407;2340;2303;2249;2194;2104;2024;1956;1918;1778;1788;2672;2628;4182;4242;3485;2976;2501;2069;1705;1376;1166;1028;907;821;742;682;649;539;480
"Schweiz";"> Industriefahrzeuge";"1980 - 1989";"Diesel";20659;20223;19764;19191;18616;18026;17224;16519;15837;15175;14421;13620;12838;12101;11435;10834;9472;8831;6195;5090;5198;5097;4902;4733;4562;4350;4016;3746;3477;3261;3006;2800;2642;2509;2355
"Schweiz";"> Industriefahrzeuge";"1980 - 1989";"Elektrisch";1011;1001;966;948;911;887;845;806;753;721;661;623;573;533;456;422;381;337;272;260;252;241;227;225;218;201;187;175;167;165;150;143;132;123;116
"Schweiz";"> Industriefahrzeuge";"1980 - 1989";"Anderer";57;54;50;47;45;42;40;36;30;30;28;27;25;28;27;39;41;40;113;127;160;172;192;156;138;124;115;98;85;72;64;64;57;50;45
"Schweiz";"> Industriefahrzeuge";"1980 - 1989";"Ohne Motor";0;0;0;0;0;0;0;0;0;0;0;0;0;0;0;0;0;0;0;0;0;0;0;0;0;0;0;0;0;0;0;0;0;0;0
"Schweiz";"> Industriefahrzeuge";"1990 - 1999";"Benzin";227;578;917;1193;1421;1638;1860;2070;2264;2411;2394;2361;2337;2313;2245;2232;2356;2339;2513;2448;2290;2160;2036;1869;1730;1619;1542;1416;1314;1231;1154;1070;1011;916;841
"Schweiz";"> Industriefahrzeuge";"1990 - 1999";"Diesel";2208;4574;6304;7601;8907;10343;11796;13196;14570;16206;16496;15896;15456;14972;14546;13999;13446;12981;11967;11168;10837;10391;9947;9449;8907;8324;7768;7270;6761;6327;5878;5480;5110;4753;4371
"Schweiz";"> Industriefahrzeuge";"1990 - 1999";"Elektrisch";113;250;394;520;604;670;760;838;899;998;1018;997;968;949;857;755;695;658;566;500;474;454;426;407;367;344;325;307;289;277;257;244;232;227;214
"Schweiz";"> Industriefahrzeuge";"1990 - 1999";"Anderer";6;10;14;15;18;25;36;38;41;47;47;45;38;39;39;53;57;60;148;202;244;233;205;171;152;142;120;107;93;89;76;75;72;69;65
"Schweiz";"> Industriefahrzeuge";"1990 - 1999";"Ohne Motor";0;0;0;0;0;0;0;0;0;0;0;0;0;0;0;0;0;0;0;0;0;0;0;0;0;0;0;0;0;0;0;0;0;0;0
"Schweiz";"> Industriefahrzeuge";"2000 - 2004";"Benzin";0;0;0;0;0;0;0;0;0;0;123;281;432;596;750;781;859;854;885;859;845;824;780;734;676;641;603;572;522;504;473;443;433;406;387
"Schweiz";"> Industriefahrzeuge";"2000 - 2004";"Diesel";0;0;0;0;0;0;0;0;0;0;1721;4299;6713;8882;11211;11656;11473;11415;11168;11059;10945;10675;10389;10053;9662;9329;8853;8448;8021;7633;7173;6828;6459;6055;5585
"Schweiz";"> Industriefahrzeuge";"2000 - 2004";"Elektrisch";0;0;0;0;0;0;0;0;0;0;66;147;271;344;455;480;476;465;419;387;381;366;343;321;298;277;256;222;209;198;188;169;162;156;146
"Schweiz";"> Industriefahrzeuge";"2000 - 2004";"Anderer";0;0;0;0;0;0;0;0;0;0;7;17;27;39;51;55;57;58;85;78;92;82;75;68;63;50;45;43;42;34;30;27;25;24;22
"Schweiz";"> Industriefahrzeuge";"2000 - 2004";"Ohne Motor";0;0;0;0;0;0;0;0;0;0;0;0;0;0;0;0;0;0;0;0;0;0;0;0;0;0;0;0;0;0;0;0;0;0;0
"Schweiz";"> Industriefahrzeuge";"2005 - 2009";"Benzin";0;0;0;0;0;0;0;0;0;0;0;0;0;0;0;108;291;502;757;993;1052;1027;1003;967;924;886;843;811;776;737;699;660;633;605;548
"Schweiz";"> Industriefahrzeuge";"2005 - 2009";"Diesel";0;0;0;0;0;0;0;0;0;0;0;0;0;0;0;1663;4612;7477;10529;13608;14377;14332;14197;14068;13888;13616;13311;12990;12559;12196;11737;11257;10839;10334;9720
"Schweiz";"> Industriefahrzeuge";"2005 - 2009";"Elektrisch";0;0;0;0;0;0;0;0;0;0;0;0;0;0;0;97;243;394;569;751;795;776;760;731;725;694;657;609;574;543;521;484;460;442;414
"Schweiz";"> Industriefahrzeuge";"2005 - 2009";"Anderer";0;0;0;0;0;0;0;0;0;0;0;0;0;0;0;148;41;80;93;76;81;79;76;74;73;70;68;66;66;65;62;59;53;50;48
"Schweiz";"> Industriefahrzeuge";"2005 - 2009";"Ohne Motor";0;0;0;0;0;0;0;0;0;0;0;0;0;0;0;0;0;0;0;0;0;0;0;0;0;0;0;0;0;0;0;0;0;0;0
"Schweiz";"> Industriefahrzeuge";"2010 - 2014";"Benzin";0;0;0;0;0;0;0;0;0;0;0;0;0;0;0;0;0;0;0;0;163;371;622;842;1025;1049;1026;988;956;933;904;867;843;814;729
"Schweiz";"> Industriefahrzeuge";"2010 - 2014";"Diesel";0;0;0;0;0;0;0;0;0;0;0;0;0;0;0;0;0;0;0;0;2224;5459;9020;12598;16020;16708;16593;16428;16187;15983;15641;15352;14999;14523;13918
"Schweiz";"> Industriefahrzeuge";"2010 - 2014";"Elektrisch";0;0;0;0;0;0;0;0;0;0;0;0;0;0;0;0;0;0;0;0;137;357;573;790;1019;1064;1026;1002;965;935;887;847;813;777;721
"Schweiz";"> Industriefahrzeuge";"2010 - 2014";"Anderer";0;0;0;0;0;0;0;0;0;0;0;0;0;0;0;0;0;0;0;0;14;32;50;72;94;96;95;93;89;89;88;88;86;81;81
"Schweiz";"> Industriefahrzeuge";"2010 - 2014";"Ohne Motor";0;0;0;0;0;0;0;0;0;0;0;0;0;0;0;0;0;0;0;0;0;0;0;0;0;0;0;0;0;0;0;0;0;0;0
"Schweiz";"> Industriefahrzeuge";"2015";"Benzin";0;0;0;0;0;0;0;0;0;0;0;0;0;0;0;0;0;0;0;0;0;0;0;0;0;160;229;218;219;215;207;190;185;179;160
"Schweiz";"> Industriefahrzeuge";"2015";"Diesel";0;0;0;0;0;0;0;0;0;0;0;0;0;0;0;0;0;0;0;0;0;0;0;0;0;2604;3504;3475;3456;3432;3371;3327;3307;3247;3144
"Schweiz";"> Industriefahrzeuge";"2015";"Elektrisch";0;0;0;0;0;0;0;0;0;0;0;0;0;0;0;0;0;0;0;0;0;0;0;0;0;155;213;210;207;202;203;194;186;181;171
"Schweiz";"> Industriefahrzeuge";"2015";"Anderer";0;0;0;0;0;0;0;0;0;0;0;0;0;0;0;0;0;0;0;0;0;0;0;0;0;14;21;21;21;20;20;20;20;20;19
"Schweiz";"> Industriefahrzeuge";"2015";"Ohne Motor";0;0;0;0;0;0;0;0;0;0;0;0;0;0;0;0;0;0;0;0;0;0;0;0;0;0;0;0;0;0;0;0;0;0;0
"Schweiz";"> Industriefahrzeuge";"2016";"Benzin";0;0;0;0;0;0;0;0;0;0;0;0;0;0;0;0;0;0;0;0;0;0;0;0;0;0;199;266;263;258;252;243;242;236;211
"Schweiz";"> Industriefahrzeuge";"2016";"Diesel";0;0;0;0;0;0;0;0;0;0;0;0;0;0;0;0;0;0;0;0;0;0;0;0;0;0;2690;3387;3364;3382;3362;3334;3319;3270;3191
"Schweiz";"> Industriefahrzeuge";"2016";"Elektrisch";0;0;0;0;0;0;0;0;0;0;0;0;0;0;0;0;0;0;0;0;0;0;0;0;0;0;187;257;245;240;240;236;235;230;212
"Schweiz";"> Industriefahrzeuge";"2016";"Anderer";0;0;0;0;0;0;0;0;0;0;0;0;0;0;0;0;0;0;0;0;0;0;0;0;0;0;14;20;19;19;19;19;20;21;20
"Schweiz";"> Industriefahrzeuge";"2016";"Ohne Motor";0;0;0;0;0;0;0;0;0;0;0;0;0;0;0;0;0;0;0;0;0;0;0;0;0;0;0;0;0;0;0;0;0;0;0
"Schweiz";"> Industriefahrzeuge";"2017";"Benzin";0;0;0;0;0;0;0;0;0;0;0;0;0;0;0;0;0;0;0;0;0;0;0;0;0;0;0;196;280;277;274;272;267;264;240
"Schweiz";"> Industriefahrzeuge";"2017";"Diesel";0;0;0;0;0;0;0;0;0;0;0;0;0;0;0;0;0;0;0;0;0;0;0;0;0;0;0;2500;3260;3257;3248;3244;3216;3164;3081
"Schweiz";"> Industriefahrzeuge";"2017";"Elektrisch";0;0;0;0;0;0;0;0;0;0;0;0;0;0;0;0;0;0;0;0;0;0;0;0;0;0;0;191;258;249;246;246;243;237;213
"Schweiz";"> Industriefahrzeuge";"2017";"Anderer";0;0;0;0;0;0;0;0;0;0;0;0;0;0;0;0;0;0;0;0;0;0;0;0;0;0;0;7;10;10;10;10;9;9;9
"Schweiz";"> Industriefahrzeuge";"2017";"Ohne Motor";0;0;0;0;0;0;0;0;0;0;0;0;0;0;0;0;0;0;0;0;0;0;0;0;0;0;0;0;0;0;0;0;0;0;0
"Schweiz";"> Industriefahrzeuge";"2018";"Benzin";0;0;0;0;0;0;0;0;0;0;0;0;0;0;0;0;0;0;0;0;0;0;0;0;0;0;0;0;332;437;427;424;417;405;368
"Schweiz";"> Industriefahrzeuge";"2018";"Diesel";0;0;0;0;0;0;0;0;0;0;0;0;0;0;0;0;0;0;0;0;0;0;0;0;0;0;0;0;2568;3502;3504;3455;3446;3393;3273
"Schweiz";"> Industriefahrzeuge";"2018";"Elektrisch";0;0;0;0;0;0;0;0;0;0;0;0;0;0;0;0;0;0;0;0;0;0;0;0;0;0;0;0;233;310;313;298;294;291;276
"Schweiz";"> Industriefahrzeuge";"2018";"Anderer";0;0;0;0;0;0;0;0;0;0;0;0;0;0;0;0;0;0;0;0;0;0;0;0;0;0;0;0;11;10;10;10;10;10;10
"Schweiz";"> Industriefahrzeuge";"2018";"Ohne Motor";0;0;0;0;0;0;0;0;0;0;0;0;0;0;0;0;0;0;0;0;0;0;0;0;0;0;0;0;0;0;0;0;0;0;0
"Schweiz";"> Industriefahrzeuge";"2019";"Benzin";0;0;0;0;0;0;0;0;0;0;0;0;0;0;0;0;0;0;0;0;0;0;0;0;0;0;0;0;0;358;449;441;436;429;396
"Schweiz";"> Industriefahrzeuge";"2019";"Diesel";0;0;0;0;0;0;0;0;0;0;0;0;0;0;0;0;0;0;0;0;0;0;0;0;0;0;0;0;0;2711;3548;3559;3549;3546;3463
"Schweiz";"> Industriefahrzeuge";"2019";"Elektrisch";0;0;0;0;0;0;0;0;0;0;0;0;0;0;0;0;0;0;0;0;0;0;0;0;0;0;0;0;0;254;337;327;323;320;301
"Schweiz";"> Industriefahrzeuge";"2019";"Anderer";0;0;0;0;0;0;0;0;0;0;0;0;0;0;0;0;0;0;0;0;0;0;0;0;0;0;0;0;0;7;10;10;10;9;8
"Schweiz";"> Industriefahrzeuge";"2019";"Ohne Motor";0;0;0;0;0;0;0;0;0;0;0;0;0;0;0;0;0;0;0;0;0;0;0;0;0;0;0;0;0;0;0;0;0;0;0
"Schweiz";"> Industriefahrzeuge";"2020";"Benzin";0;0;0;0;0;0;0;0;0;0;0;0;0;0;0;0;0;0;0;0;0;0;0;0;0;0;0;0;0;0;343;445;446;436;404
"Schweiz";"> Industriefahrzeuge";"2020";"Diesel";0;0;0;0;0;0;0;0;0;0;0;0;0;0;0;0;0;0;0;0;0;0;0;0;0;0;0;0;0;0;2499;3358;3367;3354;3267
"Schweiz";"> Industriefahrzeuge";"2020";"Elektrisch";0;0;0;0;0;0;0;0;0;0;0;0;0;0;0;0;0;0;0;0;0;0;0;0;0;0;0;0;0;0;249;355;354;343;328
"Schweiz";"> Industriefahrzeuge";"2020";"Anderer";0;0;0;0;0;0;0;0;0;0;0;0;0;0;0;0;0;0;0;0;0;0;0;0;0;0;0;0;0;0;11;13;13;12;11
"Schweiz";"> Industriefahrzeuge";"2020";"Ohne Motor";0;0;0;0;0;0;0;0;0;0;0;0;0;0;0;0;0;0;0;0;0;0;0;0;0;0;0;0;0;0;0;0;0;0;0
"Schweiz";"> Industriefahrzeuge";"2021";"Benzin";0;0;0;0;0;0;0;0;0;0;0;0;0;0;0;0;0;0;0;0;0;0;0;0;0;0;0;0;0;0;0;317;404;398;377
"Schweiz";"> Industriefahrzeuge";"2021";"Diesel";0;0;0;0;0;0;0;0;0;0;0;0;0;0;0;0;0;0;0;0;0;0;0;0;0;0;0;0;0;0;0;2621;3378;3384;3332
"Schweiz";"> Industriefahrzeuge";"2021";"Elektrisch";0;0;0;0;0;0;0;0;0;0;0;0;0;0;0;0;0;0;0;0;0;0;0;0;0;0;0;0;0;0;0;323;425;420;407
"Schweiz";"> Industriefahrzeuge";"2021";"Anderer";0;0;0;0;0;0;0;0;0;0;0;0;0;0;0;0;0;0;0;0;0;0;0;0;0;0;0;0;0;0;0;9;12;12;11
"Schweiz";"> Industriefahrzeuge";"2021";"Ohne Motor";0;0;0;0;0;0;0;0;0;0;0;0;0;0;0;0;0;0;0;0;0;0;0;0;0;0;0;0;0;0;0;0;0;0;0
"Schweiz";"> Industriefahrzeuge";"2022";"Benzin";0;0;0;0;0;0;0;0;0;0;0;0;0;0;0;0;0;0;0;0;0;0;0;0;0;0;0;0;0;0;0;0;309;408;388
"Schweiz";"> Industriefahrzeuge";"2022";"Diesel";0;0;0;0;0;0;0;0;0;0;0;0;0;0;0;0;0;0;0;0;0;0;0;0;0;0;0;0;0;0;0;0;2373;3096;3036
"Schweiz";"> Industriefahrzeuge";"2022";"Elektrisch";0;0;0;0;0;0;0;0;0;0;0;0;0;0;0;0;0;0;0;0;0;0;0;0;0;0;0;0;0;0;0;0;408;509;494
"Schweiz";"> Industriefahrzeuge";"2022";"Anderer";0;0;0;0;0;0;0;0;0;0;0;0;0;0;0;0;0;0;0;0;0;0;0;0;0;0;0;0;0;0;0;0;12;15;13
"Schweiz";"> Industriefahrzeuge";"2022";"Ohne Motor";0;0;0;0;0;0;0;0;0;0;0;0;0;0;0;0;0;0;0;0;0;0;0;0;0;0;0;0;0;0;0;0;0;0;0
"Schweiz";"> Industriefahrzeuge";"2023";"Benzin";0;0;0;0;0;0;0;0;0;0;0;0;0;0;0;0;0;0;0;0;0;0;0;0;0;0;0;0;0;0;0;0;0;288;376
"Schweiz";"> Industriefahrzeuge";"2023";"Diesel";0;0;0;0;0;0;0;0;0;0;0;0;0;0;0;0;0;0;0;0;0;0;0;0;0;0;0;0;0;0;0;0;0;2515;3284
"Schweiz";"> Industriefahrzeuge";"2023";"Elektrisch";0;0;0;0;0;0;0;0;0;0;0;0;0;0;0;0;0;0;0;0;0;0;0;0;0;0;0;0;0;0;0;0;0;414;607
"Schweiz";"> Industriefahrzeuge";"2023";"Anderer";0;0;0;0;0;0;0;0;0;0;0;0;0;0;0;0;0;0;0;0;0;0;0;0;0;0;0;0;0;0;0;0;0;3;6
"Schweiz";"> Industriefahrzeuge";"2023";"Ohne Motor";0;0;0;0;0;0;0;0;0;0;0;0;0;0;0;0;0;0;0;0;0;0;0;0;0;0;0;0;0;0;0;0;0;0;0
"Schweiz";"> Industriefahrzeuge";"2024";"Benzin";0;0;0;0;0;0;0;0;0;0;0;0;0;0;0;0;0;0;0;0;0;0;0;0;0;0;0;0;0;0;0;0;0;0;253
"Schweiz";"> Industriefahrzeuge";"2024";"Diesel";0;0;0;0;0;0;0;0;0;0;0;0;0;0;0;0;0;0;0;0;0;0;0;0;0;0;0;0;0;0;0;0;0;0;2546
"Schweiz";"> Industriefahrzeuge";"2024";"Elektrisch";0;0;0;0;0;0;0;0;0;0;0;0;0;0;0;0;0;0;0;0;0;0;0;0;0;0;0;0;0;0;0;0;0;0;452
"Schweiz";"> Industriefahrzeuge";"2024";"Anderer";0;0;0;0;0;0;0;0;0;0;0;0;0;0;0;0;0;0;0;0;0;0;0;0;0;0;0;0;0;0;0;0;0;0;6
"Schweiz";"> Industriefahrzeuge";"2024";"Ohne Motor";0;0;0;0;0;0;0;0;0;0;0;0;0;0;0;0;0;0;0;0;0;0;0;0;0;0;0;0;0;0;0;0;0;0;0
"Schweiz";"> Industriefahrzeuge";"Unbekannt";"Benzin";35;39;2;8;9;10;13;9;0;0;0;0;0;0;0;1;0;1;1;0;0;0;0;0;0;0;0;0;0;0;0;0;0;1;1
"Schweiz";"> Industriefahrzeuge";"Unbekannt";"Diesel";20;17;5;6;7;7;9;6;1;1;1;1;1;1;1;16;0;5;0;0;0;0;0;0;0;0;0;0;0;0;0;0;0;0;0
"Schweiz";"> Industriefahrzeuge";"Unbekannt";"Elektrisch";5;5;1;2;2;2;2;0;2;2;1;2;1;0;0;0;0;0;0;0;0;0;0;0;0;0;0;0;0;0;0;0;0;0;0
"Schweiz";"> Industriefahrzeuge";"Unbekannt";"Anderer";5;5;0;0;1;2;2;2;1;1;1;1;1;1;1;1;0;0;0;0;0;0;0;0;1;1;0;1;0;0;0;0;0;0;0
"Schweiz";"> Industriefahrzeuge";"Unbekannt";"Ohne Motor";0;0;0;0;0;0;0;0;0;0;0;0;0;0;0;0;0;0;0;0;0;0;0;0;0;0;0;0;0;0;0;0;0;0;0
"Schweiz";"> Motorrder";"Vor 1960";"Benzin";2993;3240;3527;3862;4100;4584;4899;5453;5706;5967;6179;6282;6426;6536;6625;6649;7729;7748;7946;8264;8455;8797;9072;9238;9606;9746;9817;9907;10037;10164;10346;10299;10174;9843;9801
"Schweiz";"> Motorrder";"Vor 1960";"Diesel";0;0;0;0;1;3;6;5;7;7;7;7;6;8;10;21;113;157;121;137;129;108;96;76;73;68;58;60;55;54;54;153;149;111;111
"Schweiz";"> Motorrder";"Vor 1960";"Elektrisch";1;0;0;0;1;1;1;1;1;1;1;1;1;1;1;1;0;0;0;0;0;0;0;0;0;1;2;1;1;1;1;0;0;0;0
"Schweiz";"> Motorrder";"Vor 1960";"Anderer";2;1;3;2;2;5;4;5;4;8;9;9;5;9;11;109;44;55;271;33;30;25;29;27;28;29;25;24;25;25;27;85;81;450;436
"Schweiz";"> Motorrder";"Vor 1960";"Ohne Motor";0;0;0;0;0;0;0;0;0;0;0;0;0;0;0;0;0;0;0;0;0;0;0;0;0;0;0;0;0;0;0;0;0;0;0
"Schweiz";"> Motorrder";"1960 - 1979";"Benzin";42356;39747;37044;34955;33042;31506;29399;28697;27507;26297;25141;24315;23603;23154;22557;21928;22084;21635;22187;21794;22221;22759;23179;23414;24115;24572;24896;25247;25583;25735;26260;26482;26329;26144;25956
"Schweiz";"> Motorrder";"1960 - 1979";"Diesel";3;3;0;2;4;5;19;26;22;20;15;17;19;16;17;24;167;428;78;84;70;64;57;35;38;37;30;29;28;26;24;180;174;80;74
"Schweiz";"> Motorrder";"1960 - 1979";"Elektrisch";1;3;3;3;3;2;1;0;0;0;0;0;0;0;0;0;0;0;0;0;0;0;0;2;2;1;2;1;3;3;3;3;3;3;5
"Schweiz";"> Motorrder";"1960 - 1979";"Anderer";1;1;1;2;2;3;3;3;2;2;5;6;2;2;3;83;59;83;302;26;28;23;25;27;25;23;26;26;26;25;25;42;44;384;365
"Schweiz";"> Motorrder";"1960 - 1979";"Ohne Motor";0;0;0;0;0;0;0;0;0;0;0;0;0;0;0;0;0;0;0;0;0;0;0;0;0;0;0;0;0;0;0;0;0;0;0
"Schweiz";"> Motorrder";"1980 - 1989";"Benzin";224098;217515;208914;197295;185538;175568;162964;155954;145871;136163;126553;118226;109911;103029;94795;87006;80284;74299;68927;61870;58358;55267;51988;48848;46369;43949;41693;39775;38583;37314;37215;36642;35324;34591;33501
"Schweiz";"> Motorrder";"1980 - 1989";"Diesel";2;3;2;10;16;16;23;36;48;60;75;99;103;109;108;111;118;116;95;87;90;96;84;2;61;63;64;67;64;60;57;65;62;56;55
"Schweiz";"> Motorrder";"1980 - 1989";"Elektrisch";192;175;158;141;123;101;89;75;62;58;48;38;33;22;24;16;18;18;16;13;10;11;17;17;17;15;15;12;13;10;10;10;10;11;11
"Schweiz";"> Motorrder";"1980 - 1989";"Anderer";26;22;19;20;18;17;17;18;15;14;17;16;13;12;14;38;67;80;254;4;8;9;10;12;9;7;7;9;8;7;9;20;20;74;69
"Schweiz";"> Motorrder";"1980 - 1989";"Ohne Motor";0;0;0;0;0;0;0;0;0;0;0;0;0;0;0;0;0;0;0;0;0;0;0;0;0;0;0;0;0;0;0;0;0;0;0
"Schweiz";"> Motorrder";"1990 - 1999";"Benzin";29521;58465;86029;111045;133552;158017;183649;219369;254348;294014;290440;280108;269362;256325;241228;225256;213849;198847;186046;171655;159813;149540;138582;127963;118223;108687;99480;91696;85210;79043;76107;72009;66496;63340;59035
"Schweiz";"> Motorrder";"1990 - 1999";"Diesel";0;1;0;3;5;6;6;26;153;282;320;298;303;287;293;283;273;248;199;162;146;129;110;86;73;62;50;44;35;33;29;34;32;26;24
"Schweiz";"> Motorrder";"1990 - 1999";"Elektrisch";64;592;736;801;829;845;882;976;1166;1333;1285;1199;1122;1023;981;900;858;813;767;686;634;581;534;484;433;379;347;318;303;292;272;269;263;252;237
"Schweiz";"> Motorrder";"1990 - 1999";"Anderer";0;0;7;10;9;14;15;96;121;122;103;88;6;8;11;102;148;188;209;21;21;18;16;12;11;13;13;13;11;9;9;18;20;112;108
"Schweiz";"> Motorrder";"1990 - 1999";"Ohne Motor";0;0;0;0;0;0;0;0;0;0;0;0;0;0;0;0;0;0;0;0;0;0;0;0;0;0;0;0;0;0;0;0;0;0;0
"Schweiz";"> Motorrder";"2000 - 2004";"Benzin";0;0;0;0;0;0;0;0;0;0;43353;90121;133388;175647;214903;209873;200936;190419;181593;171857;161633;152447;142540;132328;122623;113507;104617;96522;89684;82362;78747;73271;66468;62305;57393
"Schweiz";"> Motorrder";"2000 - 2004";"Diesel";0;0;0;0;0;0;0;0;0;0;93;230;325;511;648;627;469;462;415;354;326;291;254;202;162;129;105;93;77;72;65;66;62;55;47
"Schweiz";"> Motorrder";"2000 - 2004";"Elektrisch";0;0;0;0;0;0;0;0;0;0;117;309;490;644;759;735;686;650;607;565;504;481;431;380;305;261;221;192;172;154;142;122;115;107;94
"Schweiz";"> Motorrder";"2000 - 2004";"Anderer";0;0;0;0;0;0;0;0;0;0;11;12;4;5;10;85;60;80;114;12;12;10;10;8;8;8;7;6;6;7;7;9;8;23;19
"Schweiz";"> Motorrder";"2000 - 2004";"Ohne Motor";0;0;0;0;0;0;0;0;0;0;0;0;0;0;0;0;0;0;0;0;0;0;0;0;0;0;0;0;0;0;0;0;0;0;0
"Schweiz";"> Motorrder";"2005 - 2009";"Benzin";0;0;0;0;0;0;0;0;0;0;0;0;0;0;0;36036;80300;122227;165371;203525;200056;192663;183621;174116;165829;155585;147442;138513;131012;122856;118190;110546;101194;95706;88668
"Schweiz";"> Motorrder";"2005 - 2009";"Diesel";0;0;0;0;0;0;0;0;0;0;0;0;0;0;0;73;134;202;244;288;285;275;269;204;237;223;210;195;180;160;154;150;136;131;128
"Schweiz";"> Motorrder";"2005 - 2009";"Elektrisch";0;0;0;0;0;0;0;0;0;0;0;0;0;0;0;81;167;261;657;1321;1333;1240;1149;823;759;616;465;389;338;274;249;219;182;169;154
"Schweiz";"> Motorrder";"2005 - 2009";"Anderer";0;0;0;0;0;0;0;0;0;0;0;0;0;0;0;196;89;126;106;18;21;22;19;14;13;14;13;13;14;13;12;11;11;10;10
"Schweiz";"> Motorrder";"2005 - 2009";"Ohne Motor";0;0;0;0;0;0;0;0;0;0;0;0;0;0;0;0;0;0;0;0;0;0;0;0;0;0;0;0;0;0;0;0;0;0;0
"Schweiz";"> Motorrder";"2010 - 2014";"Benzin";0;0;0;0;0;0;0;0;0;0;0;0;0;0;0;0;0;0;0;0;35944;77824;121736;161674;200758;197814;191642;185150;178102;170252;165189;156570;145407;139074;130443
"Schweiz";"> Motorrder";"2010 - 2014";"Diesel";0;0;0;0;0;0;0;0;0;0;0;0;0;0;0;0;0;0;0;0;38;101;151;123;220;229;225;210;201;186;187;187;172;163;159
"Schweiz";"> Motorrder";"2010 - 2014";"Elektrisch";0;0;0;0;0;0;0;0;0;0;0;0;0;0;0;0;0;0;0;0;1012;3053;5799;7817;9159;8776;7984;7514;7115;6267;5430;4926;4251;3079;2591
"Schweiz";"> Motorrder";"2010 - 2014";"Anderer";0;0;0;0;0;0;0;0;0;0;0;0;0;0;0;0;0;0;0;0;24;35;44;57;62;53;53;48;41;41;31;26;27;24;24
"Schweiz";"> Motorrder";"2010 - 2014";"Ohne Motor";0;0;0;0;0;0;0;0;0;0;0;0;0;0;0;0;0;0;0;0;0;0;0;0;0;0;0;0;0;0;0;0;0;0;0
"Schweiz";"> Motorrder";"2015";"Benzin";0;0;0;0;0;0;0;0;0;0;0;0;0;0;0;0;0;0;0;0;0;0;0;0;0;43751;47327;45999;45044;43818;42710;40311;38205;37110;34988
"Schweiz";"> Motorrder";"2015";"Diesel";0;0;0;0;0;0;0;0;0;0;0;0;0;0;0;0;0;0;0;0;0;0;0;0;0;26;28;29;31;31;28;29;28;31;28
"Schweiz";"> Motorrder";"2015";"Elektrisch";0;0;0;0;0;0;0;0;0;0;0;0;0;0;0;0;0;0;0;0;0;0;0;0;0;1375;1583;1548;1491;1463;1383;1327;1182;958;509
"Schweiz";"> Motorrder";"2015";"Anderer";0;0;0;0;0;0;0;0;0;0;0;0;0;0;0;0;0;0;0;0;0;0;0;0;0;2;2;2;2;1;1;1;1;1;1
"Schweiz";"> Motorrder";"2015";"Ohne Motor";0;0;0;0;0;0;0;0;0;0;0;0;0;0;0;0;0;0;0;0;0;0;0;0;0;0;0;0;0;0;0;0;0;0;0
"Schweiz";"> Motorrder";"2016";"Benzin";0;0;0;0;0;0;0;0;0;0;0;0;0;0;0;0;0;0;0;0;0;0;0;0;0;0;40788;44056;43017;42146;41517;39640;36848;35902;34311
"Schweiz";"> Motorrder";"2016";"Diesel";0;0;0;0;0;0;0;0;0;0;0;0;0;0;0;0;0;0;0;0;0;0;0;0;0;0;27;37;37;31;36;35;33;34;31
"Schweiz";"> Motorrder";"2016";"Elektrisch";0;0;0;0;0;0;0;0;0;0;0;0;0;0;0;0;0;0;0;0;0;0;0;0;0;0;1113;1291;1268;1228;1163;1092;1002;918;827
"Schweiz";"> Motorrder";"2016";"Anderer";0;0;0;0;0;0;0;0;0;0;0;0;0;0;0;0;0;0;0;0;0;0;0;0;0;0;3;4;4;4;4;4;4;3;2
"Schweiz";"> Motorrder";"2016";"Ohne Motor";0;0;0;0;0;0;0;0;0;0;0;0;0;0;0;0;0;0;0;0;0;0;0;0;0;0;0;0;0;0;0;0;0;0;0
"Schweiz";"> Motorrder";"2017";"Benzin";0;0;0;0;0;0;0;0;0;0;0;0;0;0;0;0;0;0;0;0;0;0;0;0;0;0;0;39328;42860;41724;41240;39990;37908;36399;34862
"Schweiz";"> Motorrder";"2017";"Diesel";0;0;0;0;0;0;0;0;0;0;0;0;0;0;0;0;0;0;0;0;0;0;0;0;0;0;0;18;29;27;25;23;24;24;23
"Schweiz";"> Motorrder";"2017";"Elektrisch";0;0;0;0;0;0;0;0;0;0;0;0;0;0;0;0;0;0;0;0;0;0;0;0;0;0;0;760;930;878;846;812;782;714;680
"Schweiz";"> Motorrder";"2017";"Anderer";0;0;0;0;0;0;0;0;0;0;0;0;0;0;0;0;0;0;0;0;0;0;0;0;0;0;0;2;3;3;3;3;3;4;3
"Schweiz";"> Motorrder";"2017";"Ohne Motor";0;0;0;0;0;0;0;0;0;0;0;0;0;0;0;0;0;0;0;0;0;0;0;0;0;0;0;0;0;0;0;0;0;0;0
"Schweiz";"> Motorrder";"2018";"Benzin";0;0;0;0;0;0;0;0;0;0;0;0;0;0;0;0;0;0;0;0;0;0;0;0;0;0;0;0;36599;39627;39245;38119;36507;35614;33809
"Schweiz";"> Motorrder";"2018";"Diesel";0;0;0;0;0;0;0;0;0;0;0;0;0;0;0;0;0;0;0;0;0;0;0;0;0;0;0;0;23;31;33;31;30;25;26
"Schweiz";"> Motorrder";"2018";"Elektrisch";0;0;0;0;0;0;0;0;0;0;0;0;0;0;0;0;0;0;0;0;0;0;0;0;0;0;0;0;1078;1468;1318;1344;1316;1221;1090
"Schweiz";"> Motorrder";"2018";"Anderer";0;0;0;0;0;0;0;0;0;0;0;0;0;0;0;0;0;0;0;0;0;0;0;0;0;0;0;0;1;1;1;1;1;0;0
"Schweiz";"> Motorrder";"2018";"Ohne Motor";0;0;0;0;0;0;0;0;0;0;0;0;0;0;0;0;0;0;0;0;0;0;0;0;0;0;0;0;0;0;0;0;0;0;0
"Schweiz";"> Motorrder";"2019";"Benzin";0;0;0;0;0;0;0;0;0;0;0;0;0;0;0;0;0;0;0;0;0;0;0;0;0;0;0;0;0;34802;38057;37295;35831;35309;33983
"Schweiz";"> Motorrder";"2019";"Diesel";0;0;0;0;0;0;0;0;0;0;0;0;0;0;0;0;0;0;0;0;0;0;0;0;0;0;0;0;0;44;56;50;52;53;49
"Schweiz";"> Motorrder";"2019";"Elektrisch";0;0;0;0;0;0;0;0;0;0;0;0;0;0;0;0;0;0;0;0;0;0;0;0;0;0;0;0;0;1769;2201;2147;2086;2024;1911
"Schweiz";"> Motorrder";"2019";"Anderer";0;0;0;0;0;0;0;0;0;0;0;0;0;0;0;0;0;0;0;0;0;0;0;0;0;0;0;0;0;1;3;2;1;1;0
"Schweiz";"> Motorrder";"2019";"Ohne Motor";0;0;0;0;0;0;0;0;0;0;0;0;0;0;0;0;0;0;0;0;0;0;0;0;0;0;0;0;0;0;0;0;0;0;0
"Schweiz";"> Motorrder";"2020";"Benzin";0;0;0;0;0;0;0;0;0;0;0;0;0;0;0;0;0;0;0;0;0;0;0;0;0;0;0;0;0;0;40774;44694;43126;42515;41148
"Schweiz";"> Motorrder";"2020";"Diesel";0;0;0;0;0;0;0;0;0;0;0;0;0;0;0;0;0;0;0;0;0;0;0;0;0;0;0;0;0;0;43;54;52;49;50
"Schweiz";"> Motorrder";"2020";"Elektrisch";0;0;0;0;0;0;0;0;0;0;0;0;0;0;0;0;0;0;0;0;0;0;0;0;0;0;0;0;0;0;2047;2752;2671;2599;2515
"Schweiz";"> Motorrder";"2020";"Anderer";0;0;0;0;0;0;0;0;0;0;0;0;0;0;0;0;0;0;0;0;0;0;0;0;0;0;0;0;0;0;1;1;1;1;2
"Schweiz";"> Motorrder";"2020";"Ohne Motor";0;0;0;0;0;0;0;0;0;0;0;0;0;0;0;0;0;0;0;0;0;0;0;0;0;0;0;0;0;0;0;0;0;0;0
"Schweiz";"> Motorrder";"2021";"Benzin";0;0;0;0;0;0;0;0;0;0;0;0;0;0;0;0;0;0;0;0;0;0;0;0;0;0;0;0;0;0;0;46979;49610;48549;46823
"Schweiz";"> Motorrder";"2021";"Diesel";0;0;0;0;0;0;0;0;0;0;0;0;0;0;0;0;0;0;0;0;0;0;0;0;0;0;0;0;0;0;0;30;43;41;40
"Schweiz";"> Motorrder";"2021";"Elektrisch";0;0;0;0;0;0;0;0;0;0;0;0;0;0;0;0;0;0;0;0;0;0;0;0;0;0;0;0;0;0;0;2141;2612;2509;2392
"Schweiz";"> Motorrder";"2021";"Anderer";0;0;0;0;0;0;0;0;0;0;0;0;0;0;0;0;0;0;0;0;0;0;0;0;0;0;0;0;0;0;0;2;1;2;2
"Schweiz";"> Motorrder";"2021";"Ohne Motor";0;0;0;0;0;0;0;0;0;0;0;0;0;0;0;0;0;0;0;0;0;0;0;0;0;0;0;0;0;0;0;0;0;0;0
"Schweiz";"> Motorrder";"2022";"Benzin";0;0;0;0;0;0;0;0;0;0;0;0;0;0;0;0;0;0;0;0;0;0;0;0;0;0;0;0;0;0;0;0;38836;41076;39562
"Schweiz";"> Motorrder";"2022";"Diesel";0;0;0;0;0;0;0;0;0;0;0;0;0;0;0;0;0;0;0;0;0;0;0;0;0;0;0;0;0;0;0;0;10;12;11
"Schweiz";"> Motorrder";"2022";"Elektrisch";0;0;0;0;0;0;0;0;0;0;0;0;0;0;0;0;0;0;0;0;0;0;0;0;0;0;0;0;0;0;0;0;3774;4253;4099
"Schweiz";"> Motorrder";"2022";"Anderer";0;0;0;0;0;0;0;0;0;0;0;0;0;0;0;0;0;0;0;0;0;0;0;0;0;0;0;0;0;0;0;0;0;0;0
"Schweiz";"> Motorrder";"2022";"Ohne Motor";0;0;0;0;0;0;0;0;0;0;0;0;0;0;0;0;0;0;0;0;0;0;0;0;0;0;0;0;0;0;0;0;0;0;0
"Schweiz";"> Motorrder";"2023";"Benzin";0;0;0;0;0;0;0;0;0;0;0;0;0;0;0;0;0;0;0;0;0;0;0;0;0;0;0;0;0;0;0;0;0;37685;41136
"Schweiz";"> Motorrder";"2023";"Diesel";0;0;0;0;0;0;0;0;0;0;0;0;0;0;0;0;0;0;0;0;0;0;0;0;0;0;0;0;0;0;0;0;0;15;19
"Schweiz";"> Motorrder";"2023";"Elektrisch";0;0;0;0;0;0;0;0;0;0;0;0;0;0;0;0;0;0;0;0;0;0;0;0;0;0;0;0;0;0;0;0;0;3679;4424
"Schweiz";"> Motorrder";"2023";"Anderer";0;0;0;0;0;0;0;0;0;0;0;0;0;0;0;0;0;0;0;0;0;0;0;0;0;0;0;0;0;0;0;0;0;0;0
"Schweiz";"> Motorrder";"2023";"Ohne Motor";0;0;0;0;0;0;0;0;0;0;0;0;0;0;0;0;0;0;0;0;0;0;0;0;0;0;0;0;0;0;0;0;0;0;0
"Schweiz";"> Motorrder";"2024";"Benzin";0;0;0;0;0;0;0;0;0;0;0;0;0;0;0;0;0;0;0;0;0;0;0;0;0;0;0;0;0;0;0;0;0;0;38116
"Schweiz";"> Motorrder";"2024";"Diesel";0;0;0;0;0;0;0;0;0;0;0;0;0;0;0;0;0;0;0;0;0;0;0;0;0;0;0;0;0;0;0;0;0;0;14
"Schweiz";"> Motorrder";"2024";"Elektrisch";0;0;0;0;0;0;0;0;0;0;0;0;0;0;0;0;0;0;0;0;0;0;0;0;0;0;0;0;0;0;0;0;0;0;3384
"Schweiz";"> Motorrder";"2024";"Anderer";0;0;0;0;0;0;0;0;0;0;0;0;0;0;0;0;0;0;0;0;0;0;0;0;0;0;0;0;0;0;0;0;0;0;20
"Schweiz";"> Motorrder";"2024";"Ohne Motor";0;0;0;0;0;0;0;0;0;0;0;0;0;0;0;0;0;0;0;0;0;0;0;0;0;0;0;0;0;0;0;0;0;0;0
"Schweiz";"> Motorrder";"Unbekannt";"Benzin";4;11;5;8;7;7;9;10;9;9;9;9;10;10;12;1628;7;21;12;1;1;1;0;1;1;1;1;1;0;0;0;0;0;0;0
"Schweiz";"> Motorrder";"Unbekannt";"Diesel";0;0;0;0;0;0;0;0;0;0;0;0;0;0;0;0;0;1;2;0;0;0;0;0;0;0;0;0;0;0;0;0;0;0;0
"Schweiz";"> Motorrder";"Unbekannt";"Elektrisch";0;0;0;0;0;0;0;0;0;0;0;0;0;0;0;3;0;0;0;0;0;0;0;0;0;0;0;0;0;0;0;0;0;0;0
"Schweiz";"> Motorrder";"Unbekannt";"Anderer";0;0;0;0;0;0;0;0;0;0;0;0;0;0;0;1;1;2;1;0;0;0;0;0;0;0;0;0;0;0;0;0;0;0;0
"Schweiz";"> Motorrder";"Unbekannt";"Ohne Motor";0;0;0;0;0;0;0;0;0;0;0;0;0;0;0;0;0;0;0;0;0;0;0;0;0;0;0;0;0;0;0;0;0;0;0
"Schweiz";"> Anhnger";"Vor 1960";"Benzin";0;0;0;0;0;0;0;0;0;0;0;0;0;0;0;0;0;0;0;0;0;0;0;0;0;0;0;0;0;0;0;0;0;0;0
"Schweiz";"> Anhnger";"Vor 1960";"Diesel";0;0;0;0;0;0;0;0;0;0;0;0;0;0;0;0;0;0;0;0;0;0;0;0;0;0;0;0;0;0;0;0;0;0;0
"Schweiz";"> Anhnger";"Vor 1960";"Elektrisch";0;0;0;0;0;0;0;0;0;0;0;0;0;0;0;0;0;0;0;0;0;0;0;0;0;0;0;0;0;0;0;0;0;0;0
"Schweiz";"> Anhnger";"Vor 1960";"Anderer";0;0;0;0;0;0;0;0;0;0;0;0;0;0;0;0;0;0;0;0;0;0;0;0;0;0;0;0;0;0;0;0;0;0;0
"Schweiz";"> Anhnger";"Vor 1960";"Ohne Motor";4518;4264;3924;3746;3588;3467;3296;3151;2887;2777;2737;2677;2624;2559;2509;2402;2083;2024;2252;2092;1982;1917;1804;1604;1502;1433;1376;1334;1306;1275;1239;1217;1220;1192;1158
"Schweiz";"> Anhnger";"1960 - 1979";"Benzin";0;0;0;0;0;0;0;0;0;0;0;0;0;0;0;0;0;0;0;0;0;0;0;0;0;0;0;0;0;0;0;0;0;0;0
"Schweiz";"> Anhnger";"1960 - 1979";"Diesel";0;0;0;0;0;0;0;0;0;0;0;0;0;0;0;0;0;0;0;0;0;0;0;0;0;0;0;0;0;0;0;0;0;0;0
"Schweiz";"> Anhnger";"1960 - 1979";"Elektrisch";0;0;0;0;0;0;0;0;0;0;0;0;0;0;0;0;0;0;0;0;0;0;0;0;0;0;0;0;0;0;0;0;0;0;0
"Schweiz";"> Anhnger";"1960 - 1979";"Anderer";0;0;0;0;0;0;0;0;0;0;0;0;0;0;0;0;0;0;0;0;0;0;0;0;0;0;0;0;0;0;0;0;0;0;0
"Schweiz";"> Anhnger";"1960 - 1979";"Ohne Motor";89777;85879;81178;77219;73382;70337;66383;62539;59090;55892;52142;49258;46227;43574;40444;38095;35581;33879;33534;30219;28288;26672;24830;22556;20866;19476;18187;17287;16340;15569;14834;14180;13693;12855;12290
"Schweiz";"> Anhnger";"1980 - 1989";"Benzin";0;0;0;0;0;0;0;0;0;0;0;0;0;0;0;0;0;0;0;0;0;0;0;0;0;0;0;0;0;0;0;0;0;0;0
"Schweiz";"> Anhnger";"1980 - 1989";"Diesel";0;0;0;0;0;0;0;0;0;0;0;0;0;0;0;0;0;0;0;0;0;0;0;0;0;0;0;0;0;0;0;0;0;0;0
"Schweiz";"> Anhnger";"1980 - 1989";"Elektrisch";0;0;0;0;0;0;0;0;0;0;0;0;0;0;0;0;0;0;0;0;0;0;0;0;0;0;0;0;0;0;0;0;0;0;0
"Schweiz";"> Anhnger";"1980 - 1989";"Anderer";0;0;0;0;0;0;0;0;0;0;0;0;0;0;0;0;0;0;0;0;0;0;0;0;0;0;0;0;0;0;0;0;0;0;0
"Schweiz";"> Anhnger";"1980 - 1989";"Ohne Motor";115541;113355;110953;108630;106266;103867;100601;97281;94171;91059;87592;84194;80729;77502;74078;71126;66990;64294;61271;57449;54256;51767;48461;45085;41917;39001;36496;34321;32271;30607;29043;27414;26176;25068;23709
"Schweiz";"> Anhnger";"1990 - 1999";"Benzin";0;0;0;0;0;0;0;0;0;0;0;0;0;0;0;0;0;0;0;0;0;0;0;0;0;0;0;0;0;0;0;0;0;0;0
"Schweiz";"> Anhnger";"1990 - 1999";"Diesel";0;0;0;0;0;0;0;0;0;0;0;0;0;0;0;0;0;0;0;0;0;0;0;0;0;0;0;0;0;0;0;0;0;0;0
"Schweiz";"> Anhnger";"1990 - 1999";"Elektrisch";0;0;0;0;0;0;0;0;0;0;0;0;0;0;0;0;0;0;0;0;0;0;0;0;0;0;0;0;0;0;0;0;0;0;0
"Schweiz";"> Anhnger";"1990 - 1999";"Anderer";0;0;0;0;0;0;0;0;0;0;0;0;0;0;0;0;0;0;0;0;0;0;0;0;0;0;0;0;0;0;0;0;0;0;0
"Schweiz";"> Anhnger";"1990 - 1999";"Ohne Motor";12059;26009;38211;49923;63485;77830;92106;104767;117590;130156;130958;128387;125538;122581;119690;116705;115063;112470;109383;105728;102738;100018;96372;92088;88063;84036;80697;77215;74045;71363;68409;65734;63582;61390;59185
"Schweiz";"> Anhnger";"2000 - 2004";"Benzin";0;0;0;0;0;0;0;0;0;0;0;0;0;0;0;0;0;0;0;0;0;0;0;0;0;0;0;0;0;0;0;0;0;0;0
"Schweiz";"> Anhnger";"2000 - 2004";"Diesel";0;0;0;0;0;0;0;0;0;0;0;0;0;0;0;0;0;0;0;0;0;0;0;0;0;0;0;0;0;0;0;0;0;0;0
"Schweiz";"> Anhnger";"2000 - 2004";"Elektrisch";0;0;0;0;0;0;0;0;0;0;0;0;0;0;0;0;0;0;0;0;0;0;0;0;0;0;0;0;0;0;0;0;0;0;0
"Schweiz";"> Anhnger";"2000 - 2004";"Anderer";0;0;0;0;0;0;0;0;0;0;0;0;0;0;0;0;0;0;0;0;0;0;0;0;0;0;0;0;0;0;0;0;0;0;0
"Schweiz";"> Anhnger";"2000 - 2004";"Ohne Motor";0;0;0;0;0;0;0;0;0;0;12782;30740;47859;64272;81178;83651;82205;80844;79529;77764;76542;75344;73698;71613;69671;67403;65429;63143;61108;59192;57076;55307;53769;52149;50658
"Schweiz";"> Anhnger";"2005 - 2009";"Benzin";0;0;0;0;0;0;0;0;0;0;0;0;0;0;0;0;0;0;0;0;0;0;0;0;0;0;0;0;0;0;0;0;0;0;0
"Schweiz";"> Anhnger";"2005 - 2009";"Diesel";0;0;0;0;0;0;0;0;0;0;0;0;0;0;0;0;0;0;0;0;0;0;0;0;0;0;0;0;0;0;0;0;0;0;0
"Schweiz";"> Anhnger";"2005 - 2009";"Elektrisch";0;0;0;0;0;0;0;0;0;0;0;0;0;0;0;0;0;0;0;0;0;0;0;0;0;0;0;0;0;0;0;0;0;0;0
"Schweiz";"> Anhnger";"2005 - 2009";"Anderer";0;0;0;0;0;0;0;0;0;0;0;0;0;0;0;0;0;0;0;0;0;0;0;0;0;0;0;0;0;0;0;0;0;0;0
"Schweiz";"> Anhnger";"2005 - 2009";"Ohne Motor";0;0;0;0;0;0;0;0;0;0;0;0;0;0;0;13613;32689;51155;70608;87506;90216;89209;87849;86191;84213;81962;80084;77964;75972;74065;72100;70386;68716;67088;64990
"Schweiz";"> Anhnger";"2010 - 2014";"Benzin";0;0;0;0;0;0;0;0;0;0;0;0;0;0;0;0;0;0;0;0;0;0;0;0;0;0;0;0;0;0;0;0;0;0;0
"Schweiz";"> Anhnger";"2010 - 2014";"Diesel";0;0;0;0;0;0;0;0;0;0;0;0;0;0;0;0;0;0;0;0;0;0;0;0;0;0;0;0;0;0;0;0;0;0;0
"Schweiz";"> Anhnger";"2010 - 2014";"Elektrisch";0;0;0;0;0;0;0;0;0;0;0;0;0;0;0;0;0;0;0;0;0;0;0;0;0;0;0;0;0;0;0;0;0;0;0
"Schweiz";"> Anhnger";"2010 - 2014";"Anderer";0;0;0;0;0;0;0;0;0;0;0;0;0;0;0;0;0;0;0;0;0;0;0;0;0;0;0;0;0;0;0;0;0;0;0
"Schweiz";"> Anhnger";"2010 - 2014";"Ohne Motor";0;0;0;0;0;0;0;0;0;0;0;0;0;0;0;0;0;0;0;0;15472;36165;57796;78784;99533;102679;101206;99687;97824;96004;94183;92662;90766;88517;85781
"Schweiz";"> Anhnger";"2015";"Benzin";0;0;0;0;0;0;0;0;0;0;0;0;0;0;0;0;0;0;0;0;0;0;0;0;0;0;0;0;0;0;0;0;0;0;0
"Schweiz";"> Anhnger";"2015";"Diesel";0;0;0;0;0;0;0;0;0;0;0;0;0;0;0;0;0;0;0;0;0;0;0;0;0;0;0;0;0;0;0;0;0;0;0
"Schweiz";"> Anhnger";"2015";"Elektrisch";0;0;0;0;0;0;0;0;0;0;0;0;0;0;0;0;0;0;0;0;0;0;0;0;0;0;0;0;0;0;0;0;0;0;0
"Schweiz";"> Anhnger";"2015";"Anderer";0;0;0;0;0;0;0;0;0;0;0;0;0;0;0;0;0;0;0;0;0;0;0;0;0;0;0;0;0;0;0;0;0;0;0
"Schweiz";"> Anhnger";"2015";"Ohne Motor";0;0;0;0;0;0;0;0;0;0;0;0;0;0;0;0;0;0;0;0;0;0;0;0;0;17602;21728;21561;21337;21085;20708;20283;19956;19694;19277
"Schweiz";"> Anhnger";"2016";"Benzin";0;0;0;0;0;0;0;0;0;0;0;0;0;0;0;0;0;0;0;0;0;0;0;0;0;0;0;0;0;0;0;0;0;0;0
"Schweiz";"> Anhnger";"2016";"Diesel";0;0;0;0;0;0;0;0;0;0;0;0;0;0;0;0;0;0;0;0;0;0;0;0;0;0;0;0;0;0;0;0;0;0;0
"Schweiz";"> Anhnger";"2016";"Elektrisch";0;0;0;0;0;0;0;0;0;0;0;0;0;0;0;0;0;0;0;0;0;0;0;0;0;0;0;0;0;0;0;0;0;0;0
"Schweiz";"> Anhnger";"2016";"Anderer";0;0;0;0;0;0;0;0;0;0;0;0;0;0;0;0;0;0;0;0;0;0;0;0;0;0;0;0;0;0;0;0;0;0;0
"Schweiz";"> Anhnger";"2016";"Ohne Motor";0;0;0;0;0;0;0;0;0;0;0;0;0;0;0;0;0;0;0;0;0;0;0;0;0;0;16410;20352;20172;20025;19847;19513;19038;18794;18542
"Schweiz";"> Anhnger";"2017";"Benzin";0;0;0;0;0;0;0;0;0;0;0;0;0;0;0;0;0;0;0;0;0;0;0;0;0;0;0;0;0;0;0;0;0;0;0
"Schweiz";"> Anhnger";"2017";"Diesel";0;0;0;0;0;0;0;0;0;0;0;0;0;0;0;0;0;0;0;0;0;0;0;0;0;0;0;0;0;0;0;0;0;0;0
"Schweiz";"> Anhnger";"2017";"Elektrisch";0;0;0;0;0;0;0;0;0;0;0;0;0;0;0;0;0;0;0;0;0;0;0;0;0;0;0;0;0;0;0;0;0;0;0
"Schweiz";"> Anhnger";"2017";"Anderer";0;0;0;0;0;0;0;0;0;0;0;0;0;0;0;0;0;0;0;0;0;0;0;0;0;0;0;0;0;0;0;0;0;0;0
"Schweiz";"> Anhnger";"2017";"Ohne Motor";0;0;0;0;0;0;0;0;0;0;0;0;0;0;0;0;0;0;0;0;0;0;0;0;0;0;0;16539;20579;20403;20194;20037;19767;19295;19008
"Schweiz";"> Anhnger";"2018";"Benzin";0;0;0;0;0;0;0;0;0;0;0;0;0;0;0;0;0;0;0;0;0;0;0;0;0;0;0;0;0;0;0;0;0;0;0
"Schweiz";"> Anhnger";"2018";"Diesel";0;0;0;0;0;0;0;0;0;0;0;0;0;0;0;0;0;0;0;0;0;0;0;0;0;0;0;0;0;0;0;0;0;0;0
"Schweiz";"> Anhnger";"2018";"Elektrisch";0;0;0;0;0;0;0;0;0;0;0;0;0;0;0;0;0;0;0;0;0;0;0;0;0;0;0;0;0;0;0;0;0;0;0
"Schweiz";"> Anhnger";"2018";"Anderer";0;0;0;0;0;0;0;0;0;0;0;0;0;0;0;0;0;0;0;0;0;0;0;0;0;0;0;0;0;0;0;0;0;0;0
"Schweiz";"> Anhnger";"2018";"Ohne Motor";0;0;0;0;0;0;0;0;0;0;0;0;0;0;0;0;0;0;0;0;0;0;0;0;0;0;0;0;15451;19237;19083;18929;18756;18501;18058
"Schweiz";"> Anhnger";"2019";"Benzin";0;0;0;0;0;0;0;0;0;0;0;0;0;0;0;0;0;0;0;0;0;0;0;0;0;0;0;0;0;0;0;0;0;0;0
"Schweiz";"> Anhnger";"2019";"Diesel";0;0;0;0;0;0;0;0;0;0;0;0;0;0;0;0;0;0;0;0;0;0;0;0;0;0;0;0;0;0;0;0;0;0;0
"Schweiz";"> Anhnger";"2019";"Elektrisch";0;0;0;0;0;0;0;0;0;0;0;0;0;0;0;0;0;0;0;0;0;0;0;0;0;0;0;0;0;0;0;0;0;0;0
"Schweiz";"> Anhnger";"2019";"Anderer";0;0;0;0;0;0;0;0;0;0;0;0;0;0;0;0;0;0;0;0;0;0;0;0;0;0;0;0;0;0;0;0;0;0;0
"Schweiz";"> Anhnger";"2019";"Ohne Motor";0;0;0;0;0;0;0;0;0;0;0;0;0;0;0;0;0;0;0;0;0;0;0;0;0;0;0;0;0;15233;18910;18821;18662;18501;18270
"Schweiz";"> Anhnger";"2020";"Benzin";0;0;0;0;0;0;0;0;0;0;0;0;0;0;0;0;0;0;0;0;0;0;0;0;0;0;0;0;0;0;0;0;0;0;0
"Schweiz";"> Anhnger";"2020";"Diesel";0;0;0;0;0;0;0;0;0;0;0;0;0;0;0;0;0;0;0;0;0;0;0;0;0;0;0;0;0;0;0;0;0;0;0
"Schweiz";"> Anhnger";"2020";"Elektrisch";0;0;0;0;0;0;0;0;0;0;0;0;0;0;0;0;0;0;0;0;0;0;0;0;0;0;0;0;0;0;0;0;0;0;0
"Schweiz";"> Anhnger";"2020";"Anderer";0;0;0;0;0;0;0;0;0;0;0;0;0;0;0;0;0;0;0;0;0;0;0;0;0;0;0;0;0;0;0;0;0;0;0
"Schweiz";"> Anhnger";"2020";"Ohne Motor";0;0;0;0;0;0;0;0;0;0;0;0;0;0;0;0;0;0;0;0;0;0;0;0;0;0;0;0;0;0;15474;19703;19551;19334;19105
"Schweiz";"> Anhnger";"2021";"Benzin";0;0;0;0;0;0;0;0;0;0;0;0;0;0;0;0;0;0;0;0;0;0;0;0;0;0;0;0;0;0;0;0;0;0;0
"Schweiz";"> Anhnger";"2021";"Diesel";0;0;0;0;0;0;0;0;0;0;0;0;0;0;0;0;0;0;0;0;0;0;0;0;0;0;0;0;0;0;0;0;0;0;0
"Schweiz";"> Anhnger";"2021";"Elektrisch";0;0;0;0;0;0;0;0;0;0;0;0;0;0;0;0;0;0;0;0;0;0;0;0;0;0;0;0;0;0;0;0;0;0;0
"Schweiz";"> Anhnger";"2021";"Anderer";0;0;0;0;0;0;0;0;0;0;0;0;0;0;0;0;0;0;0;0;0;0;0;0;0;0;0;0;0;0;0;0;0;0;0
"Schweiz";"> Anhnger";"2021";"Ohne Motor";0;0;0;0;0;0;0;0;0;0;0;0;0;0;0;0;0;0;0;0;0;0;0;0;0;0;0;0;0;0;0;16662;20655;20470;20291
"Schweiz";"> Anhnger";"2022";"Benzin";0;0;0;0;0;0;0;0;0;0;0;0;0;0;0;0;0;0;0;0;0;0;0;0;0;0;0;0;0;0;0;0;0;0;0
"Schweiz";"> Anhnger";"2022";"Diesel";0;0;0;0;0;0;0;0;0;0;0;0;0;0;0;0;0;0;0;0;0;0;0;0;0;0;0;0;0;0;0;0;0;0;0
"Schweiz";"> Anhnger";"2022";"Elektrisch";0;0;0;0;0;0;0;0;0;0;0;0;0;0;0;0;0;0;0;0;0;0;0;0;0;0;0;0;0;0;0;0;0;0;0
"Schweiz";"> Anhnger";"2022";"Anderer";0;0;0;0;0;0;0;0;0;0;0;0;0;0;0;0;0;0;0;0;0;0;0;0;0;0;0;0;0;0;0;0;0;0;0
"Schweiz";"> Anhnger";"2022";"Ohne Motor";0;0;0;0;0;0;0;0;0;0;0;0;0;0;0;0;0;0;0;0;0;0;0;0;0;0;0;0;0;0;0;0;15787;18947;18760
"Schweiz";"> Anhnger";"2023";"Benzin";0;0;0;0;0;0;0;0;0;0;0;0;0;0;0;0;0;0;0;0;0;0;0;0;0;0;0;0;0;0;0;0;0;0;0
"Schweiz";"> Anhnger";"2023";"Diesel";0;0;0;0;0;0;0;0;0;0;0;0;0;0;0;0;0;0;0;0;0;0;0;0;0;0;0;0;0;0;0;0;0;0;0
"Schweiz";"> Anhnger";"2023";"Elektrisch";0;0;0;0;0;0;0;0;0;0;0;0;0;0;0;0;0;0;0;0;0;0;0;0;0;0;0;0;0;0;0;0;0;0;0
"Schweiz";"> Anhnger";"2023";"Anderer";0;0;0;0;0;0;0;0;0;0;0;0;0;0;0;0;0;0;0;0;0;0;0;0;0;0;0;0;0;0;0;0;0;0;0
"Schweiz";"> Anhnger";"2023";"Ohne Motor";0;0;0;0;0;0;0;0;0;0;0;0;0;0;0;0;0;0;0;0;0;0;0;0;0;0;0;0;0;0;0;0;0;14670;18512
"Schweiz";"> Anhnger";"2024";"Benzin";0;0;0;0;0;0;0;0;0;0;0;0;0;0;0;0;0;0;0;0;0;0;0;0;0;0;0;0;0;0;0;0;0;0;0
"Schweiz";"> Anhnger";"2024";"Diesel";0;0;0;0;0;0;0;0;0;0;0;0;0;0;0;0;0;0;0;0;0;0;0;0;0;0;0;0;0;0;0;0;0;0;0
"Schweiz";"> Anhnger";"2024";"Elektrisch";0;0;0;0;0;0;0;0;0;0;0;0;0;0;0;0;0;0;0;0;0;0;0;0;0;0;0;0;0;0;0;0;0;0;0
"Schweiz";"> Anhnger";"2024";"Anderer";0;0;0;0;0;0;0;0;0;0;0;0;0;0;0;0;0;0;0;0;0;0;0;0;0;0;0;0;0;0;0;0;0;0;0
"Schweiz";"> Anhnger";"2024";"Ohne Motor";0;0;0;0;0;0;0;0;0;0;0;0;0;0;0;0;0;0;0;0;0;0;0;0;0;0;0;0;0;0;0;0;0;0;15067
"Schweiz";"> Anhnger";"Unbekannt";"Benzin";0;0;0;0;0;0;0;0;0;0;0;0;0;0;0;0;0;0;0;0;0;0;0;0;0;0;0;0;0;0;0;0;0;0;0
"Schweiz";"> Anhnger";"Unbekannt";"Diesel";0;0;0;0;0;0;0;0;0;0;0;0;0;0;0;0;0;0;0;0;0;0;0;0;0;0;0;0;0;0;0;0;0;0;0
"Schweiz";"> Anhnger";"Unbekannt";"Elektrisch";0;0;0;0;0;0;0;0;0;0;0;0;0;0;0;0;0;0;0;0;0;0;0;0;0;0;0;0;0;0;0;0;0;0;0
"Schweiz";"> Anhnger";"Unbekannt";"Anderer";0;0;0;0;0;0;0;0;0;0;0;0;0;0;0;0;0;0;0;0;0;0;0;0;0;0;0;0;0;0;0;0;0;0;0
"Schweiz";"> Anhnger";"Unbekannt";"Ohne Motor";21;18;16;15;18;17;17;15;11;11;11;11;11;10;10;24;3;21;5;4;2;3;0;0;0;0;0;0;0;0;0;0;0;0;0
